year,section,group,prize_or_type,category,title,submitter,country,url
2025,winner,Open,Interactive,Interactive,Paying the Heaviest of the Carbon Debt Never Incurred,Nur Adhyaksa Hamid,Indonesia,https://hnuradhyaksa.github.io/post/pacific-dataviz-2025
2025,winner,Open,Static,Static,Echoes of the unprotected sea,Eduardo España,Spain,https://pacificdatavizchallenge.org/sites/default/files/Echoes%20Pacific%20Data%20-%20Eduardo%20Espana.pdf
2025,winner,Pacific,Interactive,Interactive,Blue Paradigm,Eunice Rigo,Australia,https://blue-paradigm.org/
2025,winner,Pacific,Static,Static,when our waste suffocate the ocean,Sarah MOUNIAMA,New Caledonia,https://pacificdatavizchallenge.org/sites/default/files/Dataviz%20-%20MOUNIAMA%20Sarah%202025.pdf
2025,winner,Pacific,Highly Commended,Highly Commended,Visualising Digital Access Across the Blue Pacific,Crispin Laka,Solomon Islands,https://2025-dataviz-challenge-harptreem.replit.app/
2025,winner,Pacific Youth,Interactive,Interactive,The Silence of Mother Whale,Pélagie Sivitongo,New Caledonia,https://ninapolodesign.wixsite.com/pelagiedataviz
2025,winner,Pacific Youth,Static,Static,Education in the Pacific,Inès Reboul,New Caledonia,https://pacificdatavizchallenge.org/sites/default/files/REBOUL%20INES-DATAVIZCHALLENGE.pdf
2025,winner,Pacific Youth,Highly Commended,Highly Commended,Resource & Economic Development: Tourism in Fiji,Lusiana Boutu & Elia Komaitoga,Fiji,https://arcg.is/1yeju91
2025,other_submission,Others,,Interactive dataviz,A Decade of Change: Renewable Energy Growth and Educational Shifts in the Pacific,Andi Ziyadh Ghafa Ramadhan,Indonesia,https://public.tableau.com/app/profile/andi.ghafa/viz/VisDat_KelompokF_Final/Dashboard1?publish=yes
2025,other_submission,Others,,Interactive dataviz,A Region Defined by its Ocean,Matteo Palù,Italy,https://www.matteopalu.com/pacificdataviz/
2025,other_submission,Others,,Interactive dataviz,Advancing Technology and Connectivity for Blue Pacific 2050,Ronny JORRY,Papua New Guinea,https://pacific-dataviz-dashboard-kdpvj5bugbynhtnxmrxhj9.streamlit.app/
2025,other_submission,Others,,Static dataviz,Birth in the Pacific : unequal access to skilled care,Evelyne Wamytan,New Caledonia,https://pacificdatavizchallenge.org/sites/default/files/DATAVIZChallenge_1.jpg
2025,other_submission,Others,,Interactive dataviz,Blue Pacific 2050: Climate Change & Disasters Data Explorer,Keisha Zahra,Indonesia,https://visdat-climate.streamlit.app/
2025,other_submission,Others,,Interactive dataviz,"Bridging the Blue, Riding Waves of Progress: Transport & Digital Access for Every Nation Across the Pacific Islands and Territories",Urmimala Mandal,United States,https://public.tableau.com/app/profile/urmimala.mandal/viz/BridgingtheBlueRidingWavesofProgressTransportDigitalAccessforEveryNationAcrossthePacificIslandsandTerritories/Home?publish=yes
2025,other_submission,Others,,Static dataviz,Brisons nos peurs contre l’agresseur,Madeleine Tikoure,New Caledonia,https://pacificdatavizchallenge.org/sites/default/files/data%20viz%20challenge%20en%20groupe%20herenui%20madeleiene%20emelya_0.pdf
2025,other_submission,Others,,Interactive dataviz,Challenges and Opportunities in the Pacific Economy,Rizal Wahyu Pratama,Indonesia,https://pacific-economic.onrender.com
2025,other_submission,Others,,Interactive dataviz,Chauka,Janina Grauel,Germany,https://chauka.vercel.app/
2025,other_submission,Others,,Interactive dataviz,Climate Vulnerability in the Pacific,shiyun wen,United States,https://github.com/lidowen233/DataViz_Climate.git
2025,other_submission,Others,,Interactive dataviz,Connectivity and the Blue Economy: How Internet Access Boosts Pacific Islands,Jauza Ulaya,Indonesia,https://public.tableau.com/views/DatViz1/ConnectivityBlueEconomy?:language=en-GB&publish=yes&:sid=&:redirect=auth&:display_count=n&:origin=viz_share_link
2025,other_submission,Others,,Static dataviz,"Data Gap 17.17.1 if you counting on us, … then count us",Nainasa Whippy,Fiji,https://pacificdatavizchallenge.org/sites/default/files/if%20you%20counting%20on%20us%20-%20count%20us_9-981.pdf
2025,other_submission,Others,,Interactive dataviz,dataWave,H. brook,France,https://brooks-code.github.io/blue-pacific-dataviz/
2025,other_submission,Others,,Interactive dataviz,Empowering Pacific Youth: Understanding and Addressing the NEET Challenge,Kavitesh Kumar,Fiji,https://storage.googleapis.com/example_bucket_test_web/neet_dashboard.html
2025,other_submission,Others,,Interactive dataviz,FIGHT NOT FLIGHT,Seun Adeyemo,Nigeria,https://pacificresilience.framer.website/
2025,other_submission,Others,,Static dataviz,From reef to table: Sustainable Fisheries in the Blue Pacific,Helia Blancher,New Caledonia,https://pacificdatavizchallenge.org/sites/default/files/from_reef_to_table-Helia_BLANCHER.pdf
2025,other_submission,Others,,Static dataviz,Growing up in the Pacific: from contrasted opportunities to missing basics,Charlotte Eckstein,France,https://pacificdatavizchallenge.org/sites/default/files/eckstein-pdc.png
2025,other_submission,Others,,Static dataviz,Healthy food policies in schools,Mélina Martin,New Caledonia,https://pacificdatavizchallenge.org/sites/default/files/MARTIN%20M%C3%A9lina%20dataviz%20static.pdf
2025,other_submission,Others,,Interactive dataviz,Internet Access in the Pacific,Damar Aji Pramudita,Indonesia,https://damar-portfolio.web.app/internet-access-in-the-pacific/
2025,other_submission,Others,,Static dataviz,L'economie de la Nouvelle-Calédonie,Enzo Puahio,New Caledonia,https://pacificdatavizchallenge.org/sites/default/files/Infographie%20sur%20l%27%C3%89conomie%20de%20la%20Nouvelle-Cal%C3%A9donie%20%282020-2023%29%284%29.pdf
2025,other_submission,Others,,Static dataviz,La Nouvelle Calédonie,Isaïah Poree,New Caledonia,https://pacificdatavizchallenge.org/sites/default/files/La%20Nouvelle%20Cal%C3%A9donie%2C%20l%E2%80%99%C3%AEle%20au%20tr%C3%A9sor%20du%20Pacifique%20.pdf
2025,other_submission,Others,,Static dataviz,LES DONNES TOURISTIQUES DE LA POLYNESIE FRANCAISE ET DES ILES FIDJI,Mélia KAPOUA,New Caledonia,https://pacificdatavizchallenge.org/sites/default/files/INFOGRAPHIE%20PACIFIQUE%20%281%29.pdf
2025,other_submission,Others,,Interactive dataviz,L’insertion des femmes dans le monde du travail dans les îles du Pacifique,Claire Talvard,French Polynesia,https://www.canva.com/design/DAGuf3R_-00/vinvXvS1TDdX1ScQl0480A/view?utm_content=DAGuf3R_-00&utm_campaign=designshare&utm_medium=link2&utm_source=uniquelinks&utlId=h653ef8683f#4
2025,other_submission,Others,,Interactive dataviz,"Mobile Affordability and Access Across Fiji, Tonga, Vanuatu, and Samoa",Connie Koo,United States,https://public.tableau.com/app/profile/connie.koo/viz/MobileAffordabilityandAccessAcrossFijiSamoaVanuatuandSamoa/MobileDigitalDevelopmentInSamoaFijiVanuatuandTonga
2025,other_submission,Others,,Static dataviz,Navigating Climate Crisis: Disaster Resilience in the Pacific,JERICO BAJADOR,Philippines,https://pacificdatavizchallenge.org/sites/default/files/Pacific%20DataViz_Bajador%20Jerico.pdf
2025,other_submission,Others,,Static dataviz,OCEAN AND ENVIRONMENT,MUHAMMAD ALMAULANI,Indonesia,https://pacificdatavizchallenge.org/sites/default/files/OCEAN%20AND%20ENVIRONMENT%20POSTER%20GROUP.png
2025,other_submission,Others,,Static dataviz,One Ocean Two Realities - Fiji's Progress and Pressures Below The Surface,Fiona UMPA,New Caledonia,https://pacificdatavizchallenge.org/sites/default/files/FinalPOSTER%20%281%29_0.pdf
2025,other_submission,Others,,Static dataviz,Pacific at a Crossroads: Lifestyle Risks and NCD Mortality,Yohana Lydia,Indonesia,https://pacificdatavizchallenge.org/sites/default/files/Pacific%20at%20a%20Crossroads%20-%20Lifestyle%20Risks%20and%20NCD%20Mortality.png
2025,other_submission,Others,,Interactive dataviz,Pacific Marine Pollution Dashboard,Nydia Artha Carissa,Indonesia,https://ocean-environment-dashboard.streamlit.app/
2025,other_submission,Others,,Interactive dataviz,pacificplanets,Sylvain Auger-Léger,New Caledonia,https://pacificplanets.onrender.com/
2025,other_submission,Others,,Interactive dataviz,Performance of E-Government in Pacific Nations (2010–2020),Mochammad Andi Ramadhan,Indonesia,https://public.tableau.com/app/profile/andi.ramdh/viz/ProgressDataVisEGovernment/Dashboard1
2025,other_submission,Others,,Static dataviz,Polynésie Française - Panorama du tourisme,Alix-Eva RACE,New Caledonia,https://pacificdatavizchallenge.org/sites/default/files/Polyn%C3%A9sie%20Fran%C3%A7aise%20-%20Tourisme.pdf
2025,other_submission,Others,,Interactive dataviz,Résilience des îles du Pacifique,Noé HALLER,France,https://kickout-app.fr/pacific_dataviz_challenge/
2025,other_submission,Others,,Interactive dataviz,Safeguarding the Blue in the Pacific,Caterina Caccavale,Italy,https://www.figma.com/proto/Xu5vkcs0GIZv8RFLnMIX5a/Safeguarding-the-Blue-in-the-Pacific?node-id=176-37&p=f&t=te2LLGSLPoRVkag4-1&scaling=contain&content-scaling=fixed&page-id=0%3A1&starting-point-node-id=176%3A37
2025,other_submission,Others,,Static dataviz,Shattered Shelter: Vanuatu’s Unequal Fight Against the Climate Storm,Tara Manurung,Indonesia,https://pacificdatavizchallenge.org/sites/default/files/Shattered%20Shelter%20-%20PDF%20Poster.pdf
2025,other_submission,Others,,Interactive dataviz,Social protection and Health in the Pacific,Boris Bikbov,Italy,https://dataviz.Scientific-Tools.Org/pacific2025/
2025,other_submission,Others,,Interactive dataviz,SUSTAINABLE HEALTH IN THE PACIFIC: A REVIEW OF SDGS INDICATORS,Madina Nilasari,Indonesia,https://public.tableau.com/app/profile/sabrina.salva/viz/VisdatKelompok10/Dashboard1?publish=yes
2025,other_submission,Others,,Interactive dataviz,Team Va'a Polynésie,Laeticia Gooding,French Polynesia,https://teamvaapolynesie.streamlit.app
2025,other_submission,Others,,Interactive dataviz,The Heart of the Pacific – An Odyssey of Progress and Hope,Tina NAK,New Caledonia,https://app.powerbi.com/view?r=eyJrIjoiOWE4NzMzZGItOWYzOC00OWNmLWE3YWMtZTkwMzNiZGY2YjYxIiwidCI6IjRhNGYyZWRmLTBiZGUtNDUyYy05YWMzLTVjZDVkM2Q2MTE4NiJ9
2025,other_submission,Others,,Interactive dataviz,The Pacific Frontline: Mapping Coastal Risk,Akshar Niranjan Katariya,United States,https://pacificislands.netlify.app
2025,other_submission,Others,,Interactive dataviz,The Red list - Exploring biodiversity trends in the pacific,Utpal Shetty,United Arab Emirates,https://utpalshetty.github.io/Biodiversity---Pacific-dataviz-challenge/
2025,other_submission,Others,,Interactive dataviz,Thematic Area 5 - Climate Change & Disasters,Senthil Ponnurangan,India,https://www.figma.com/proto/gmXBs3blij0DceKQkJQiK3/Thematic-Area---Climate_Change_and_Disasters?page-id=270%3A4987&node-id=347-14294&viewport=1386%2C2443%2C0.13&t=GuZYqXaF4dpldel8-1&scaling=scale-down-width&content-scaling=fixed&starting-point-node-id=347%3A14294
2025,other_submission,Others,,Interactive dataviz,"Une journée, une femme, une peur",Ondine Taukolo,New Caledonia,https://stk02625612123.github.io/Pacific-Dataviz/
2025,other_submission,Others,,Interactive dataviz,"Vies fragiles, Destins liés : La mortalité infantile et maternelle dans le pacifique",Sylvain Thibon,New Caledonia,https://app.powerbi.com/view?r=eyJrIjoiNzk5MjBlYjktYzRmMi00NmMwLWEyMDctMTZlYWMyMjFiYTFiIiwidCI6ImUwYTI3MjY4LWVlNDAtNGU4Yy05OTJhLTk3OTk1MTEzNTAyYyIsImMiOjEwfQ%3D%3D
2025,other_submission,Others,,Static dataviz,"Water - Source of Life, Cause of Death",Estibaliz Legarreta Gallo,France,https://pacificdatavizchallenge.org/sites/default/files/Water%20-%20Source%20of%20Life%20Cause%20of%20Death.pdf
2025,other_submission,Others,,Static dataviz,Weaving the Pacific Ocean,Sofia Oropeza,United States,https://pacificdatavizchallenge.org/sites/default/files/Pacific_Data_Challenge_Sofia_Oropeza.jpg
2025,other_submission,Others,,Interactive dataviz,Why economic mutual assistance in the Pacific is essential and this even until 2050,léandre vigouroux,New Caledonia,https://leandredatavizchallenge.figma.site
2025,other_submission,Others,,Static dataviz,"A Four-Dimensional Look at Political Leadership in the Pacific in 2017: Aid, Corruption, Project Outcomes, and Women's Representation",Faaris Khairrudin,Indonesia,https://pacificdatavizchallenge.org/sites/default/files/Dataviz%20-%20Politics%20-%20Faaris%20Khairrudin.pdf
2025,other_submission,Others,,Static dataviz,A Visual Journey Through Digital Connectivity,Kahfi Rizky Firmansyah,Indonesia,https://pacificdatavizchallenge.org/sites/default/files/Pacific%20Dataviz.pdf
2025,other_submission,Others,,Interactive dataviz,Beyond Survival: Tracking Health and Development in Papua New Guinea,Abida Ramadhani Muryansila,Indonesia,https://public.tableau.com/shared/2FDNG5P7J?:display_count=n&:origin=viz_share_link
2025,other_submission,Others,,Interactive dataviz,BLUE PACIFIC,Aliaksandra Shymanskaya,Germany,https://ashymanskaya.github.io/pacific-challenge-2025-app/
2025,other_submission,Others,,Interactive dataviz,Blue Pacific 2050: Designing Resilience from Within,Supawich Orian,Thailand,https://blue-pacific-2050-resilience.vercel.app/
2025,other_submission,Others,,Interactive dataviz,Bridging the Digital Divide in the Pacific,Fiu Penjueli,Fiji,https://arcg.is/1rHvXH0
2025,other_submission,Others,,Static dataviz,Building a Resilient Blue Pacific,Sruthi Sunil Mathews,India,https://pacificdatavizchallenge.org/sites/default/files/Dataviz.pptx
2025,other_submission,Others,,Interactive dataviz,CHARTING A RESILIENT COURSE: THE BLUE PACIFIC’S PATH TO SURVIVAL AND SUSTAINABILITY,Stella Nnoka,Nigeria,https://app.powerbi.com/view?r=eyJrIjoiNmFiZDAwN2QtMzRhZC00ZTE1LTg3NzEtZWU0ZTI0NWFlZWFiIiwidCI6IjY0NDkyNDAzLTM1NGQtNDdmZS04Y2UyLTFhZTNjMDFlMTU3ZiIsImMiOjh9
2025,other_submission,Others,,Interactive dataviz,Clean Water & Sanitation in Pacific Island Countries: Who’s Left Behind?,Olivia Intan Puspita,Indonesia,https://lookerstudio.google.com/reporting/13dd0f9f-7555-48d7-87e0-090efae59517
2025,other_submission,Others,,Static dataviz,Coastal Living and Climate Vulnerability: A Pacific Region Overview,Rebekka Fries,Netherlands,https://pacificdatavizchallenge.org/sites/default/files/PacificDatavizChallenge_RebekkaFries.pdf
2025,other_submission,Others,,Static dataviz,Coverage of protected areas for the marine environment 2019,loick KAFOTAMAKI,New Caledonia,https://pacificdatavizchallenge.org/sites/default/files/DATA%20VIZ%20loick.pdf
2025,other_submission,Others,,Interactive dataviz,DATA VIZ Climate Change And Disasters (Thematic Area 5),Benny mathew E,India,https://lookerstudio.google.com/s/uswLQnjJel0
2025,other_submission,Others,,Static dataviz,Digital Transformation In Blue Pacific,Justin Jeremia,Indonesia,https://pacificdatavizchallenge.org/sites/default/files/Digital%20Transformation%20in%20Blue%20Pacific.pdf
2025,other_submission,Others,,Static dataviz,ENTRE RISQUES ET PROGRES,Habby Bedot,New Caledonia,https://pacificdatavizchallenge.org/sites/default/files/Philo-Habby_Projet%20dataviz.pdf
2025,other_submission,Others,,Static dataviz,Fragile Paradises,Ryan Joshua Liwag,Philippines,https://pacificdatavizchallenge.org/sites/default/files/Fragile%20Paradises%20v2.png
2025,other_submission,Others,,Interactive dataviz,From Shore to Sea: Visualizing Waste Pathways in Pacific Island Nations,Thi Pham,United States,https://public.tableau.com/views/FromShoretoSeaVisualizingWastePathwaysinPacificIslandNations/FromShoretoSea?:language=en-US&:sid=&:redirect=auth&:display_count=n&:origin=viz_share_link
2025,other_submission,Others,,Interactive dataviz,"Half Fed, Half Forgotten: The Untold Story of Malnutrition in the Pacific",Afan Ramadhan,Indonesia,https://egydestf.github.io/pacific-malnutrition-pdc2025/
2025,other_submission,Others,,Interactive dataviz,How Gender Disparity in Average Hourly Rates Can Hit Home,Nainasa Whippy,Fiji,https://wagegendergappacific2025-whippy.my.canva.site/#page-0
2025,other_submission,Others,,Static dataviz,Invisible Weave : The burden women bear : Unseen and Unpaid.,Nindia Kraftwina,Indonesia,https://pacificdatavizchallenge.org/sites/default/files/Invisible%20weave-Nindia%20Kraftwina.pdf
2025,other_submission,Others,,Interactive dataviz,L'égalité des chances dans le Pacifique,Magalie CHEN,New Caledonia,https://test190525.github.io/Dataviz_2025/
2025,other_submission,Others,,Static dataviz,Le profil des visiteurs en Mélanésie,YÉMAELLE Laloyer,New Caledonia,https://pacificdatavizchallenge.org/sites/default/files/Data%20%20annalise%20.pdf
2025,other_submission,Others,,Static dataviz,L’éducation au service du Blue Pacific 2050,nathanael ambroise,New Caledonia,https://pacificdatavizchallenge.org/sites/default/files/dataviz-AMBROISE_GALIN.pdf
2025,other_submission,Others,,Static dataviz,Mapping renewable energy in the Blue Pacific 2050,Polina Korneeva,Germany,https://pacificdatavizchallenge.org/sites/default/files/Mapping%20renewable%20energy%20in%20the%20Blue%20Pacific%202050_Polina_Korneeva%20%281%29%20%281%29.pdf
2025,other_submission,Others,,Interactive dataviz,Monitoring Renewable Energy Capacity per Capita in Pacific Countries,Delyana Ika Wardani,Indonesia,https://public.tableau.com/views/ClimateChange_Pacific/Dashboard1?:language=en-GB&:sid=&:redirect=auth&:display_count=n&:origin=viz_share_link
2025,other_submission,Others,,Interactive dataviz,Navigating Digital Tides: Pacific Islands' Technology and Connectivity Journey to 2050,Noneel Prasad,Fiji,https://data-story-app.vercel.app/
2025,other_submission,Others,,Interactive dataviz,Ocean And Environment (Thematic Area 6),Bhaswati Banerjee,India,https://www.figma.com/proto/VYAaxYlRg73UgG5lwqej7b/Pacific-Data-Viz-Challenge_2025?node-id=25-4&p=f&t=8sRfsTnYfmmjDaph-1&scaling=min-zoom&content-scaling=fixed&page-id=0%3A1&starting-point-node-id=25%3A4
2025,other_submission,Others,,Static dataviz,"Online, but Left Behind: The Infrastructure Gap in the Pacific",Melissa Anino,United States,https://pacificdatavizchallenge.org/sites/default/files/Online%2C%20but%20Left%20Behind%20The%20Infrastructure%20Gap%20in%20the%20Pacific.pdf
2025,other_submission,Others,,Interactive dataviz,Pacific Energy Data Explorer with AI assistant,Imanol Areizaga,Spain,https://www.maps.eus/es/dataviz/
2025,other_submission,Others,,Static dataviz,Pacific Renewable Energy,Fauzan Ahsanudin,Indonesia,https://pacificdatavizchallenge.org/sites/default/files/Figma%20Pacific%20Hub.pdf
2025,other_submission,Others,,Interactive dataviz,Pacifique 2050 : La vérité que nous avons choisi d'ignorer,Raimanu Pain,New Caledonia,https://app.powerbi.com/view?r=eyJrIjoiODA5NzkyMjctMTA5NS00MzRhLWE2NjEtZGFkOWNjMzIyYzQ1IiwidCI6IjhhNDM5NmRiLWJmNmQtNDBjYi05Nzg1LTQzNzUwMmQ5ZWZhZSIsImMiOjEwfQ%3D%3D
2025,other_submission,Others,,Static dataviz,Plagued by diseases,Rita Giordano,United Kingdom,https://pacificdatavizchallenge.org/sites/default/files/infographi_plagued_by_diseases.jpg
2025,other_submission,Others,,Static dataviz,Pourquoi protéger l'océan pacifique,Nathan Nicole,New Caledonia,https://pacificdatavizchallenge.org/sites/default/files/Projet%20Dataviz%20Statique%20Nathan%20NICOLE.pdf
2025,other_submission,Others,,Static dataviz,Resilience Through Economic Waves,Abdul Ayazzid,Indonesia,https://pacificdatavizchallenge.org/sites/default/files/TUBES%20VISDAT.pdf
2025,other_submission,Others,,Interactive dataviz,Safeguarding the Sea: % of Marine KBAs Protected in 2019,Vanessa Bolognani,France,https://github.com/Vanessa-dev-spatial/vanessa-dev-spatial.github.io
2025,other_submission,Others,,Interactive dataviz,SHE MATTERS: MAPPING VIOLENCE AGAINST WOMEN IN THE PACIFIC,Azka Widya Rahmawati,Indonesia,https://lookerstudio.google.com/reporting/5296faa0-0f1d-40c8-8a70-a89c9ad02fa4
2025,other_submission,Others,,Static dataviz,Storms Ahead: The Pacific's Climate Battle,Grizelda Audria Wijaya,Indonesia,https://pacificdatavizchallenge.org/sites/default/files/DataViz_ThematicArea5.pdf
2025,other_submission,Others,,Interactive dataviz,Taux de mortalité maternelle dans le Pacifique,Geneviève Mekenese,New Caledonia,https://neviih.github.io/Dataviz-25/
2025,other_submission,Others,,Interactive dataviz,Technology & Connectivity in the Blue Pacific 2050: A Regional Snapshot,Urmimala Mandal,United States,https://public.tableau.com/app/profile/urmimala.mandal/viz/TechnologyConnectivityintheBluePacific2050ARegionalSnapshot/Home?publish=yes
2025,other_submission,Others,,Interactive dataviz,The LOST POTENTIAL of a Generation,Pinar Kuyucu Soganci,Türkiye,http://www.verimuch.com/pasific/index.html
2025,other_submission,Others,,Interactive dataviz,The Pay Line: Tracing hourly wages and inequality in the Pacific Islands,Sofia Dogmarov,Israel,https://app.simplerstory.com/story/YRbcxwDzS
2025,other_submission,Others,,Interactive dataviz,The Silent Time Bomb: The Pacific's Hidden Health Crisis,Akbar Saputra,Indonesia,https://akbsaputra.github.io/pacific-timebomb/
2025,other_submission,Others,,Interactive dataviz,Tide & Time The Rising Numbers Below The Rising Sea,brandes aiaj augustin,United States,https://sealevelwatch.org/
2025,other_submission,Others,,Interactive dataviz,"Urgent WASH Crisis in the Pacific: Understanding Water, Sanitation, and Health",Myra Saet,Philippines,https://public.tableau.com/app/profile/myra.saet8551/viz/UrgentWASHCrisisinthePacificUnderstandingWaterSanitationandHealth/Dashboard1_1
2025,other_submission,Others,,Static dataviz,Violence sous les tropiques,Shannon Paradzinski,New Caledonia,https://pacificdatavizchallenge.org/sites/default/files/PLANCHE_SHANNON_MALUTAPU_EMMA.pdf
2025,other_submission,Others,,Interactive dataviz,"Waves of Connection- A Pacific Tale of Technology, Trade and Governance",Edima Udo,Canada,https://public.tableau.com/app/profile/ed7429/viz/WavesofConnection-APacificTaleofTechnologyTradeandGovernance/Home
2025,other_submission,Others,,Interactive dataviz,"Where Should We Go? An Interactive Search for a Safe, Healthy, and Just Life in the Pacific",Nur Nisrina Salsabilla,Indonesia,https://public.tableau.com/shared/KMKGGRM68?:display_count=n&:origin=viz_share_link
2025,other_submission,Others,,Interactive dataviz,Wired or Isolated? Unveiling the Pacific’s Connectivity Gaps,Yaron Shemesh,Israel,https://app.simplerstory.com/story/idTSBsgm9
2025,other_submission,Others,,Static dataviz,A Hook in the Sand,Thalya Lim,United Kingdom,https://pacificdatavizchallenge.org/sites/default/files/A%20Hook%20in%20the%20Sand.pdf
2025,other_submission,Others,,Interactive dataviz,A woman's Path,Mathieu OUNINE,France,https://resplendent-babka-702680.netlify.app
2025,other_submission,Others,,Interactive dataviz,Beyond the Lifeline,Clare Chew,Singapore,https://public.tableau.com/app/profile/clare.chew/viz/BeyondtheLifeline/GraduationRisk
2025,other_submission,Others,,Interactive dataviz,Blue Pacific 2050 Indicator Highlights,Varsha Gandhi,India,https://app.powerbi.com/view?r=eyJrIjoiYTdhMzZhYmUtY2NmMy00YzllLWIwY2UtMzRjNWRiYzhiMjcxIiwidCI6IjEyMmU3OGIxLWNkODUtNGNjMi05ZmI2LTRjMDhmYzU3YjEwNiIsImMiOjN9
2025,other_submission,Others,,Interactive dataviz,Bridging the Blue,Rova Waqanivalu,Fiji,https://rovawaqa.github.io/pacific-digital-readines/
2025,other_submission,Others,,Interactive dataviz,Bridging the Gap,Sungmin Lee,South Korea,https://pacific-dataviz-challenge-o7f8.vercel.app
2025,other_submission,Others,,Static dataviz,Capacité de production d'électricité renouvelable (watts par habitant),jone hmuzo,New Caledonia,https://pacificdatavizchallenge.org/sites/default/files/Capacit%C3%A9%20de%20production-graph-hmuzo-jone.pdf
2025,other_submission,Others,,Static dataviz,Charting The Blue Pacific: Visualizing Pathways to 2050 Through Data,MASE MARK,Papua New Guinea,https://pacificdatavizchallenge.org/sites/default/files/RED_DATAVIZ.pdf
2025,other_submission,Others,,Interactive dataviz,Cleanliness is a Privilege: A Portrait of Inequality in Access to Water and Sanitation in Fiji,Adinda Eka Rahayu,Indonesia,https://public.tableau.com/views/Visdat_17489760401700/Story1?:language=en-US&:sid=&:redirect=auth&:display_count=n&:origin=viz_share_link
2025,other_submission,Others,,Static dataviz,Connectivity and Living Standards,Kareena Nandwani,Singapore,https://pacificdatavizchallenge.org/sites/default/files/Connectivity%20and%20Living%20Standards.pdf
2025,other_submission,Others,,Static dataviz,Data Bloom — Health and Humanity in the Pacific,Simone Zalambani,Italy,https://pacificdatavizchallenge.org/sites/default/files/Zalambani_Simone_DataViz.pdf
2025,other_submission,Others,,Interactive dataviz,Dataset and Target Tracker,Bryony Miles,United Kingdom,https://bmpms.github.io/pdv2025/
2025,other_submission,Others,,Interactive dataviz,"Economics and Social Dynamics in Pacific Island : Inflation, Current Account, and Technology",Ardini Aprilya Putri,Indonesia,https://public.tableau.com/app/profile/ardini.aprilya.putri/viz/Dataviz_EconomicsandSocialDynamicsinPacificIsland/Dashboard1#1
2025,other_submission,Others,,Static dataviz,Evolution et impact du tourisme : COVID-19,Mickaélé KELEKELE,New Caledonia,https://pacificdatavizchallenge.org/sites/default/files/Evolution_Impact_Touristique_Fidji_Marshall.pdf
2025,other_submission,Others,,Interactive dataviz,From Hands to Horizons (Tracing the silent waves of digital inclusion across the Pacific islands countries),Gandes Goldestan,Indonesia,https://public.tableau.com/app/profile/gandes.goldestan/viz/FromHandstoHorizons/viz?publish=yes
2025,other_submission,Others,,Interactive dataviz,Gender In(equality),Emmy Vergé,New Caledonia,https://emmy-oceane.great-site.net/?i=1
2025,other_submission,Others,,Static dataviz,Health Worker Density Across the Tonga Region,Jonathan Lacanlale,United States,https://pacificdatavizchallenge.org/sites/default/files/Lacanlale%2C%20Jonathan%20-%20Pacific%20Dataviz%20Challenge%202025.pdf
2025,other_submission,Others,,Interactive dataviz,Inégalités de genre dans le Pacifique,Camélia Amin Handoyo,New Caledonia,https://ahyolia.github.io/Pacific-Dataviz/
2025,other_submission,Others,,Static dataviz,Islands of Change: A Rising Tide of Clean Energy,Milcah Joseph,Ireland,https://pacificdatavizchallenge.org/sites/default/files/MilcahMJ_PacificDataviz_Static.pdf
2025,other_submission,Others,,Interactive dataviz,L'égalité des genres et du leadership dans les îles du Pacifique,Olivier BOYARD,New Caledonia,https://dataviz-q0rf.onrender.com/
2025,other_submission,Others,,Static dataviz,Le tabacs et lʼalcool dans les iles du paciﬁque: un contraste entre hommes et femmes,Alex KAI,New Caledonia,https://pacificdatavizchallenge.org/sites/default/files/alex_ledre_alcoolique%20et%20fumeurpdf.pdf
2025,other_submission,Others,,Static dataviz,L’impact du nickel sur l’économie calédonienne,Emma Pérignon,New Caledonia,https://pacificdatavizchallenge.org/sites/default/files/L%27impact%20du%20nickel%20sur%20l%27%C3%A9conomie%20cal%C3%A9donienne.pdf
2025,other_submission,Others,,Static dataviz,Moana,Puasina MALIKO MANUULA,Samoa,https://pacificdatavizchallenge.org/sites/default/files/Moana%20%282%29.png
2025,other_submission,Others,,Static dataviz,My body is not public property,Veïmavely SEREMELE,New Caledonia,https://pacificdatavizchallenge.org/sites/default/files/SEREMELE%20Ve%C3%AFmavely%20-%20DataViz%202025%20-%20My%20body%20is%20not%20public%20property.pdf
2025,other_submission,Others,,Static dataviz,Nombres de sauvetages organisé en 2018 dans la zone du pacifique,Lou-Anne POUILLY,New Caledonia,https://pacificdatavizchallenge.org/sites/default/files/POUILLY-DATAVIZ%20CHALLENGEjpg.jpg
2025,other_submission,Others,,Static dataviz,"Ocean sustainability in Melanesia, diving in a lagoon in need of protection",Chloé MALAVAL,New Caledonia,https://pacificdatavizchallenge.org/sites/default/files/MALAVAL%20-%20Dataviz.jpg
2025,other_submission,Others,,Interactive dataviz,Our Pacific Blue ! What are we doing to protect it ?,Fiona UMPA,New Caledonia,https://app.powerbi.com/view?r=eyJrIjoiNTA1N2FhYTUtOGE0YS00N2UyLTgwM2EtMjk2YmVlYzNiNTU3IiwidCI6IjlmOTQ5MTYzLTU0ZjAtNDZiNS04OTM2LTY2YzhmNTUwNGQyYyIsImMiOjEwfQ%3D%3D
2025,other_submission,Others,,Interactive dataviz,Pacific Islands Communication Technology & Internet Usage Dashboard,Rosa Sawafi,Indonesia,https://public.tableau.com/app/profile/rosa.aliana/viz/Tubes_17494995433570/Dashboard2?publish=yes
2025,other_submission,Others,,Static dataviz,Pacific Youth at a Crossroads,Angélina Garaebiti,New Caledonia,https://pacificdatavizchallenge.org/sites/default/files/AG-PacificDatavizChallenge2025.pdf
2025,other_submission,Others,,Interactive dataviz,Pacifique Data Cruise,Ida Carapelle ép. Goossens,New Caledonia,https://publuu.com/flip-book/915067/2051995
2025,other_submission,Others,,Static dataviz,Political Leadership & Regionalism in the Pacific Islands: A Visualization Approach,Fadhlurrahman Sugiarto,Indonesia,https://pacificdatavizchallenge.org/sites/default/files/Political%20Leadership_%26_Regionalism%20in-the-Pacific-Islands.pdf
2025,other_submission,Others,,Interactive dataviz,Reading and Counting Across the Pacific,Giacomo Ravetta,Italy,https://pacificeducation.dry-cell-f518.workers.dev
2025,other_submission,Others,,Interactive dataviz,Rising,Bettina Hüttenrauch,Germany,https://public.tableau.com/views/RISINGPacificDatavizChallenge/PacificDatavizChallenge?:language=de-DE&publish=yes&:sid=D17D73085FFB4DA68B396716D45FD199-0:0&:redirect=auth&:display_count=n&:origin=viz_share_link
2025,other_submission,Others,,Interactive dataviz,Shaping the Future of the Pasific Economy,Syalaisha Anataya,Indonesia,https://lookerstudio.google.com/reporting/0180cdb8-dce5-4678-a81d-7f0c2ca8ff72
2025,other_submission,Others,,Interactive dataviz,Signals from the Blue: Pacific Vital Signs and Shifting Realities,Melissa Anino,United States,https://public.tableau.com/views/OceanEnvironment/Dashboard12?:language=en-US&:sid=&:redirect=auth&:display_count=n&:origin=viz_share_link
2025,other_submission,Others,,Interactive dataviz,"Stuck in Limbo ""What's Next for Unemployed & Out of School Youth?""",Rania Wijaya,Indonesia,https://lookerstudio.google.com/reporting/bf4d7826-8abf-4d64-b2bd-d08038dcc467
2025,other_submission,Others,,Interactive dataviz,Taux de réussite au lycée,Lorenzo Coppolino,New Caledonia,https://dataviz2025.netlify.app/
2025,other_submission,Others,,Static dataviz,The Blue Countdown,Louis CAZABAN,New Caledonia,https://pacificdatavizchallenge.org/sites/default/files/LOUIS%20CAZABAN%20DATAVIZ.jpg
2025,other_submission,Others,,Static dataviz,The Ocean on alert,Lyse Morel Passegué,New Caledonia,https://pacificdatavizchallenge.org/sites/default/files/dataviz%20VA.pdf
2025,other_submission,Others,,Static dataviz,The Protection of the Pacific Oceans,Clément bury,New Caledonia,https://pacificdatavizchallenge.org/sites/default/files/graph%20dataviz.pdf
2025,other_submission,Others,,Static dataviz,The Turtle Way,Jay Nandan,Fiji,https://pacificdatavizchallenge.org/sites/default/files/BluePacific_Climatechange-1-combined.pdf
2025,other_submission,Others,,Static dataviz,Tourisme dans les îles du Pacifique : croissance ou dépendance?,Jade SORCE NGUYEN VAN DIEP,New Caledonia,https://pacificdatavizchallenge.org/sites/default/files/PACIFIC%20DATAVIZ_0.pdf
2025,other_submission,Others,,Static dataviz,Vers une pêche durable en Nouvelle-Calédonie,Andy MALO,New Caledonia,https://pacificdatavizchallenge.org/sites/default/files/Pacific_Dataviz_Challenge_2025_pres.%20ENG.jpg
2025,other_submission,Others,,Interactive dataviz,Voices from the Pacific Ocean: Data that Reveals its State,Sharon Divani Gutierrez Chele,Ecuador,https://lookerstudio.google.com/reporting/67263166-d864-43eb-84ad-bc9801e0d1b5
2025,other_submission,Others,,Interactive dataviz,"Waves of Inequality: A Multidimensional View of Water Access in Samoa, Papua New Guinea, and Kiribati",Jonathan Panggabean,Indonesia,https://public.tableau.com/app/profile/jonathan.panggabean/viz/visdat1_17497238987180/Story1
2025,other_submission,Others,,Static dataviz,Who drinks the most in the Pacific?,Roes Aymeric,New Caledonia,https://pacificdatavizchallenge.org/sites/default/files/DATAVIZ%2015.33.35.jpg
2025,other_submission,Others,,Static dataviz,Women’s Representation in Managerial Positions in Pacific Countries,Sariyyan Izzati Kristanio Putri,Indonesia,https://pacificdatavizchallenge.org/sites/default/files/Asia%20Pasific%20Dataviz%20Challenge.png
2024,winner,Interactive Dataviz,1st Prize,1st Prize,Women in the Pacific,Yan Holtz,France,https://holtzy.github.io/pacific-challenge/
2024,winner,Interactive Dataviz,2nd Prize,2nd Prize,Blooming: Exploring Poverty in the Pacific Region,Kristin Baumann,Germany,https://blooming-pacific.kristin-baumann.com/
2024,winner,Interactive Dataviz,3rd Prize,3rd Prize,A Tale of Two Futures: Gender Inequality in New Caledonia,Thalya Lim,United Kingdom,https://public.tableau.com/views/ATaleofTwoFuturesGenderInequalityinNewCaledonia/ATaleOfTwoFutures?:language=en-GB&:sid=&:redirect=auth&:display_count=n&:origin=viz_share_link
2024,winner,Static Dataviz,1st Prize,1st Prize,"Bruised petals, the frightening scars of violence against women",Alessia Musio,Italy,https://pacificdatavizchallenge.org/sites/default/files/Pacific_Dataviz_Challenge_2024_300_6.jpg
2024,winner,Static Dataviz,2nd Prize,2nd Prize,De l'enfance à la vieillesse,Estibaliz Legarreta Gallo,France,https://pacificdatavizchallenge.org/sites/default/files/De%20lenfance%20a%20la%20vieillesse_6.pdf
2024,winner,Static Dataviz,3rd Prize,3rd Prize,Trends in gender equality of the working population of Tonga,Ted du Bois,Netherlands,https://pacificdatavizchallenge.org/sites/default/files/Trends%20in%20gender%20equality%20of%20the%20working%20population%20of%20Tonga_TdB_2024_vers.6.4.5_1.3_6.pdf
2024,winner,Special,Youth,Youth,Fighting Cancer in New Caledonia: Gender gap,Eliott Libner,Canada,https://pacificdatavizchallenge.org/sites/default/files/LIBNER_Pacific_Dataviz_Challenge_2024_8.pdf
2024,winner,Special,Pacific,Pacific,"Briser le silence, libérer la parole",Fiona Umpa,New Caledonia,https://app.powerbi.com/view?r=eyJrIjoiMDQxMDc4YzEtNzMyYS00NzUxLWFjMTctZmI0M2NhNDUzNjc3IiwidCI6IjlmOTQ5MTYzLTU0ZjAtNDZiNS04OTM2LTY2YzhmNTUwNGQyYyIsImMiOjEwfQ%3D%3D
2024,other_submission,Others,,Static dataviz,% women who get married between the ages of 15 and 17 in the Pacific,Dorothy Ray,New Zealand,https://cardnoid-my.sharepoint.com/:u:/g/personal/dorothy_ray_esip_org_pg/EUNEFqgHXSpLnYfBGIjoTe8BGlU6M7Dr9LM2Xh1HQW9etA?e=m5D2Iu
2024,other_submission,Others,,Static dataviz,Analyse des différences entre les sexes dans les causes médicales de décès en Nouvelle-Calédonie,Cristóbal Alonso,Spain,https://pacificdatavizchallenge.org/sites/default/files/Challenge_6.png
2024,other_submission,Others,,Static dataviz,Bridging the Digital Divide: Internet Usage in Pacific Island Countries,Kavitesh Bali,Fiji,https://pacificdatavizchallenge.org/sites/default/files/Internet100_Bali_0.gif
2024,other_submission,Others,,Interactive dataviz,DataViz_Challenge,Keison Tipiou,Papua New Guinea,https://github.com/Keison542/DataViz
2024,other_submission,Others,,Interactive dataviz,Douleur silencieuse,Eva Omedes Domene,Spain,https://app.powerbi.com/view?r=eyJrIjoiZDlkMjIyMWQtNjU2Ni00YjAyLWJjMTItNWNkYWM1YzE4OGFmIiwidCI6IjA3N2I3NjZiLTYxZjAtNGU3Yy05MzczLTkyODgzMmFhOWZlZiIsImMiOjh9
2024,other_submission,Others,,Interactive dataviz,Education Attainment in Vanuatu,Wainikiti Niavu,Fiji,https://www.canva.com/design/DAGMaiKIO3o/0hucmOI-bwZKT0TNom9zqA/view?utm_content=DAGMaiKIO3o&utm_campaign=designshare&utm_medium=link&utm_source=editor
2024,other_submission,Others,,Static dataviz,Examining occupational gaps by gender in Pacific Island nations,Sumeet Chand,Fiji,https://pacificdatavizchallenge.org/sites/default/files/Examining%20occupational%20gaps%20by%20gender%20in%20Pacific%20Island%20nations_6.png
2024,other_submission,Others,,Static dataviz,Facts about lung cancer,Miguel Jiménez,Spain,https://pacificdatavizchallenge.org/sites/default/files/Dataviz%20Static_7.png
2024,other_submission,Others,,Static dataviz,Gender (in)equality - Selected Pacific Nations,Sharyn Jones,New Zealand,https://pacificdatavizchallenge.org/sites/default/files/Pacific%20Data%20Viz%20Sharyn%20Jones_4.pdf
2024,other_submission,Others,,Interactive dataviz,Gender Equality in the Pacific,Nur Adhyaksa Hamid,Indonesia,https://public.tableau.com/views/GenderEqualityinthePacific/1?:language=en-US&:sid=&:redirect=auth&:display_count=n&:origin=viz_share_link
2024,other_submission,Others,,Interactive dataviz,Gender Inequality in the Pacific Region,Edima Udo,Canada,https://public.tableau.com/app/profile/ed7429/viz/PacificDataChallenge/GI?publish=yes
2024,other_submission,Others,,Static dataviz,Genrification du cancer en Nouvelle-Calédonie sur la période 2010-2020,Caroline Cailleton,New Caledonia,https://pacificdatavizchallenge.org/sites/default/files/dataviz_CC_6.pdf
2024,other_submission,Others,,Interactive dataviz,HELD BACK,Seun Adeyemo,Nigeria,https://public.tableau.com/views/HELDBACK/HOME?:language=en-US&:sid=&:redirect=auth&:display_count=n&:origin=viz_share_link
2024,other_submission,Others,,Interactive dataviz,L'alimentation et l'obésité en Nouvelle-Calédonie,Heinz Hartmaier,New Caledonia,https://data-viz-newcaledonia-mmi.netlify.app/
2024,other_submission,Others,,Interactive dataviz,La répartition des sexes au sein de la fonction publique en Nouvelle-Calédonie,Caroline Cailleton,New Caledonia,https://carolinecailleton.itch.io/pacific-dataviz-2024
2024,other_submission,Others,,Static dataviz,Les inegalites de genre dans l’activite et le chomage au Vanuatu et en NC en 2019,Tatiana PULU,New Caledonia,https://pacificdatavizchallenge.org/sites/default/files/Taux%20d%20activite%20et%20taux%20chomage%20au%20Vanuatu%20et%20en%20NC%20en%202019_4.pdf
2024,other_submission,Others,,Interactive dataviz,Leviers pour l'équité de genre dans les Pays et Territoires Insulaires du Pacifique sud.,Ida Carapelle Goossens,France,https://datavizpacificchallenge.seenovate.com/BOE/OpenDocument/opendoc/openDocument.jsp?sIDType=CUID&iDocID=AX1eyC4oPOpDkpOaHVocec4
2024,other_submission,Others,,Interactive dataviz,Lives Interrupted: Child Marriage in the Pacific,Rachel Donovan,Australia,https://respect-and-protect-strategy.my.canva.site/child-marriage-in-the-pacific
2024,other_submission,Others,,Interactive dataviz,Maturité numérique + La carte de l'enfer des violences en Nouvelle-Calédonie,Jérémy SAHID,New Caledonia,https://lookerstudio.google.com/u/0/reporting/9cceba54-d278-4b7a-8005-30b9770f872b/page/HTK7D?s=gAbo3xX8Aso
2024,other_submission,Others,,Interactive dataviz,MONEY & POWER,Mary Otunba,United States,https://public.tableau.com/views/MONEYPOWER_17204360734270/MONEYPOWER?:language=en-US&publish=yes&:sid=&:redirect=auth&:display_count=n&:origin=viz_share_link
2024,other_submission,Others,,Interactive dataviz,Pacific Challenge - Vinay Hegde,Vinay Hegde,India,https://www.dropbox.com/scl/fi/v2m543q1wyhwynt4mwcwb/Pacific-Challenge-Vinay-Hegde.pbix?rlkey=s7pc24aplhhd49nnqobmvv2qe&dl=0
2024,other_submission,Others,,Interactive dataviz,Pacific Gender Dynamics,Srikar Devulapalli,United States,https://crny.my.canva.site/pacific-dataviz-2024
2024,other_submission,Others,,Interactive dataviz,Santé Mag' Hors série Special,Sylvain Thibon,New Caledonia,https://app.powerbi.com/view?r=eyJrIjoiN2MyZjg0ZTQtYTQ2ZS00ODBlLWE5OGYtNmQ0NmVkODc2MmRiIiwidCI6ImUwYTI3MjY4LWVlNDAtNGU4Yy05OTJhLTk3OTk1MTEzNTAyYyIsImMiOjEwfQ%3D%3D&pageName=683ecb8dc407978a6dc7
2024,other_submission,Others,,Static dataviz,The Social Fabric of Gender Inequality in the Pacific,Eunice Rigo,Australia,https://pacificdatavizchallenge.org/sites/default/files/DataViz%20-%202024%20Challenge%20-%20Gender%20inEquality%20in%20the%20pacific%20-%20Eunice%20Rigo_7.png
2024,other_submission,Others,,Static dataviz,Tongan Gender and Disability Inequality,Maria Carlos Oliveira,Spain,https://pacificdatavizchallenge.org/sites/default/files/Maria%20Oliveira_Dataviz_Labour%20Force%20and%20Employment_4.pdf
2024,other_submission,Others,,Static dataviz,"We, Pacific Women",Silvia Romanelli,France,https://pacificdatavizchallenge.org/sites/default/files/PacificDatavizChallenge-SilviaRomanelli_7.pdf
2024,other_submission,Others,,Interactive dataviz,Women in managieral positions,Eszter Kovács,Hungary,https://app.powerbi.com/view?r=eyJrIjoiYzhmNzRkMjItYTU2MS00NTQxLWEyMDUtNTVkNzE1Y2ZmMDUyIiwidCI6IjQ3NjRkMzczLWI1YTUtNDk4Ni04OTJkLTdhNmQ1MWQwZmJjNSIsImMiOjh9
2024,other_submission,Others,,Static dataviz,"Women, The Gold of The Pacific Islands",Johanna Tournadre,Thailand,https://pacificdatavizchallenge.org/sites/default/files/TOURNADRE%20Johanna%20-%20GENDER%20%28IN%29EQUALITY%20-%202024%20-%20PDF_6.pdf
2024,other_submission,Others,,Interactive dataviz,"Youths not in education, employment or training (15-24 years)",Charlie Vulum,Papua New Guinea,https://www.pacificdatavizchallenge2023.live/2024/challenge/NEET
2024,other_submission,Others,,Interactive dataviz,Activité de Pêche en Nouvelle-Calédonie,lolesio Taofifenua,France,https://pacificdatavizchallenge.org/entries/sae_303/
2024,other_submission,Others,,Interactive dataviz,Analysing the employee population by occupation in Pacific Islands,Sahil Kadu,India,https://app.powerbi.com/view?r=eyJrIjoiYjJhOWFkMDQtMjkxYS00ZTg4LTk3MDItMWZjOGI3NDExNzYzIiwidCI6Ijg5MGU0NDI4LWY4MDUtNGY4OS1hOWQxLWY1MWE0OWUzZTE0NSJ9
2024,other_submission,Others,,Interactive dataviz,Briser le silence / Break Silence,Hugo DURBANO,New Caledonia,https://app.powerbi.com/view?r=eyJrIjoiYmE4ZGNjOGYtOTY0Yi00OWZmLWJkMzItZGUxNDJlNWNhMWU2IiwidCI6ImY2MGM2Y2I2LWI3N2UtNGI5Ni04N2E1LTIzMWNhMjQyM2ZiMiIsImMiOjEwfQ%3D%3D&pageName=ReportSection082386fae3011181891e
2024,other_submission,Others,,Interactive dataviz,Doem and Assi,Mehdi Mahroug,New Caledonia,https://www.ilearn.nc/pdv/story.html
2024,other_submission,Others,,Interactive dataviz,"Écart de rémunération entre hommes et femmes en termes de salaires par pays, urbanisation et statut de handicap",Lou COURTOT,France,https://gleeful-fenglisu-f9e7f1.netlify.app
2024,other_submission,Others,,Static dataviz,Education Does Not Equal Opportunity,Joseph Barbier,France,https://pacificdatavizchallenge.org/sites/default/files/pacific2024_1.png
2024,other_submission,Others,,Interactive dataviz,Exploring the impact of education,Ruben Hermoso,Spain,https://app.powerbi.com/view?r=eyJrIjoiMmVhYzQyYWMtOTVhNy00YWMxLWI1ZmItZDI2MzBkZjU3ZTMwIiwidCI6ImRmYjkyOWIzLTVjZDgtNGU1YS04OTZmLTM4N2VjN2FjZjFlMiIsImMiOjh9
2024,other_submission,Others,,Interactive dataviz,Fonctionnaires sur Paradis,Jérémy Luta,New Caledonia,https://fonctionnaires-sur-paradis.netlify.app/
2024,other_submission,Others,,Interactive dataviz,Gender (In)Equality in the Pacific,Victoria Dela Cruz,United States,https://public.tableau.com/views/GenderInEqualityinthePacific_17223888097610/Overview?:language=en-US&:sid=&:redirect=auth&:display_count=n&:origin=viz_share_link
2024,other_submission,Others,,Static dataviz,Gender inequalities in the Pacific Islands,Anne-Lise Paris,France,https://pacificdatavizchallenge.org/sites/default/files/20_4.pdf
2024,other_submission,Others,,Static dataviz,Gender Wage Gap in Part-Time and Full-Time Occupation,Sangya Koirala,Nepal,https://pacificdatavizchallenge.org/sites/default/files/COMP_1.twbx
2024,other_submission,Others,,Interactive dataviz,graphique chef de ménage,Dylan espagne,France,https://superlative-lolly-82806b.netlify.app/
2024,other_submission,Others,,Interactive dataviz,Internet Cost and Benefits for Women in New Caledonia,Seun Adeyemo,Nigeria,https://public.tableau.com/views/DIGITALDIVIDE/DIGITALDIVIDE?:language=en-US&publish=yes&:sid=&:redirect=auth&:display_count=n&:origin=viz_share_link
2024,other_submission,Others,,Static dataviz,La différence de genre entre les NEET dans le Pacifique,Alexis WAMO,New Caledonia,https://pacificdatavizchallenge.org/sites/default/files/Les%20NEET%20dans%20le%20Pacifique_1.pdf
2024,other_submission,Others,,Static dataviz,Le chomage dans le Pacifique,Mathias-Junior TUNOA,New Caledonia,https://pacificdatavizchallenge.org/sites/default/files/Chomage%20dans%20le%20pacifique_1.pdf
2024,other_submission,Others,,Static dataviz,Les NEETs un probleme societal qui appelle des solutions,Olivier LECLERE,New Caledonia,https://pacificdatavizchallenge.org/sites/default/files/Les%20NEETs%20un%20probleme%20societal%20qui%20appelle%20des%20solutions_5.pdf
2024,other_submission,Others,,Static dataviz,"Leviers pour l'équité de genre dans les Pays et Territoires Insulaires du Pacifique sud. Comparaison de l'équité de genre entre le Vanuatu, Tonga et Kiribati.",Ida Carapelle Goossens,France,https://pacificdatavizchallenge.org/sites/default/files/Export_Pacifique_Dataviz_Challenge_V2_4.pdf
2024,other_submission,Others,,Interactive dataviz,"Lost Potential in Marshall Islands, Vanuatu and Kiribati",Hanne Pruefer,Germany,https://public.tableau.com/views/Pacific_DataViz_Competition_2024/Starting_page?:language=de-DE&:sid=&:redirect=auth&:display_count=n&:origin=viz_share_link
2024,other_submission,Others,,Static dataviz,Measuring Violence in New Caledonia using two methods-Administrative and Prevalence,TAIAOPO FAUMUINA,Samoa,https://pacificdatavizchallenge.org/sites/default/files/Measuring%20Violence%20in%20New%20Caledonia_6.pdf
2024,other_submission,Others,,Interactive dataviz,New Caledonia Fishing Dashboard,Anson Ekau,United States,https://ansonekau.shinyapps.io/pacific-data-viz-challenge/
2024,other_submission,Others,,Interactive dataviz,Pacific Dataviz Écart Salarial,Maïana Katoa,France,https://sae203.hopto.org/~jericom/
2024,other_submission,Others,,Interactive dataviz,PDC 2024 Violences : types de violence sur les enfants,Adrien SALES,New Caledonia,https://www.youtube.com/watch?v=mz8D8lN5CRw
2024,other_submission,Others,,Static dataviz,Shifting Dynamics of Jobseekers in New Caledonia,Seun Adeyemo,Nigeria,https://pacificdatavizchallenge.org/sites/default/files/SHIFTING%20DYNAMICS%20%28NEW%29_10.png
2024,other_submission,Others,,Static dataviz,The star of disparity and the empowerment blossom,ILARIA MARZANO,Italy,https://pacificdatavizchallenge.org/sites/default/files/PACIFIC%20DATAVIZ_ILARIA%20MARZANO_1.jpg
2024,other_submission,Others,,Static dataviz,Une Histoire d'Inégalités,Saida DAOUD,France,https://pacificdatavizchallenge.org/sites/default/files/Dataviz_Static_Une_Histoire_Inegalites_4.pdf
2024,other_submission,Others,,Static dataviz,Weights of violences categories as a graph,Adrien SALES,New Caledonia,https://pacificdatavizchallenge.org/sites/default/files/gephi_2024-05-10%2023-15-49_11.png
2024,other_submission,Others,,Static dataviz,Women in the Pacific: Confined to Housewive ?,Jonas Jonas Brouillon,France,https://pacificdatavizchallenge.org/sites/default/files/Women%20in%20the%20Pacific%20Confined%20to%20Housewive%20_6.png
2024,other_submission,Others,,Interactive dataviz,Youth Access To Education And Employment By Gender And Territory In The Pacific,jules lehodey,France,https://dataviz-2024.onrender.com/
2024,other_submission,Others,,Interactive dataviz,Addressing Educational Disparities Among Rural Females in Pacific Island Countries,Sangya Koirala,Nepal,https://public.tableau.com/views/PacificDatavizChallenge2024Entry/Dashboard1?:language=en-GB&:sid=&:redirect=auth&:display_count=n&:origin=viz_share_link
2024,other_submission,Others,,Interactive dataviz,Balancing the Workforce: A Decade of Employment in Pacific,Muhammad Dimas Abdul Aziz Cakradewa,Germany,https://public.tableau.com/app/profile/muhammad.dimas.abdul.aziz.cakradewa/viz/BalancingtheWorkforceADecadeofEmploymentinPacific/Dashboard1?publish=yes
2024,other_submission,Others,,Interactive dataviz,Comprehensive Data Analysis and Visualization of Health Trends: Cancer Diagnosis Patterns in New Caledonia (2008-2020) and COVID-19 Daily Death Records in the USA (2020-2023),Shibbir Ahmed Arif,United States,https://colab.research.google.com/drive/1xJPmEK4ImJ2WOM0Fsz-q_nJThY0G4IaG?usp=sharing
2024,other_submission,Others,,Interactive dataviz,Domestic Violence in the South Province of New Caledonia,Jyoti Diwan,United States,https://public.tableau.com/app/profile/icaad/viz/DVinNewCaledonia/DVinNC
2024,other_submission,Others,,Static dataviz,Education and Equality in the Pacific,Viktoriia Vasiukova,Germany,https://pacificdatavizchallenge.org/sites/default/files/Main%403000x_3.png
2024,other_submission,Others,,Interactive dataviz,Essay on Inequalities Among Human Beings,Kevin-Tristan Picanon,France,https://lookerstudio.google.com/reporting/48d53932-711e-451a-9457-2ef6f1d9d4c7
2024,other_submission,Others,,Interactive dataviz,"Facing Disparities: Gender Inequalities, Workforce Participation, and Social Issues in the Pacific Island Countries & Territories",Isin Kosemen,Türkiye,https://www.isinkosemen.com/pacific-dataviz-challenge-2024.html
2024,other_submission,Others,,Static dataviz,Gender (in)equality,Nadezhda Andrianova,Russia,https://pacificdatavizchallenge.org/sites/default/files/Gender%28in%29Equality_1.pdf
2024,other_submission,Others,,Interactive dataviz,Gender (in)equality in the pacific / (In)égalité de genre dans le pacifique,Adrien Anciot,New Caledonia,https://app.powerbi.com/view?r=eyJrIjoiYWNiZmUzZGEtZTEzMy00NmY4LTk0MDQtZWU2OWJlZWQ3NDJhIiwidCI6IjE0ZGQzN2U2LTc5MTAtNDM0Yy1hMDA4LWNmNDEyOTA5NmNkZCJ9
2024,other_submission,Others,,Interactive dataviz,Gender Inequality : Occupation Overview,Amanda Lee,United States,https://public.tableau.com/views/Viz_17224157673040/GenderInequality?:language=en-US&publish=yes&:sid=&:redirect=auth&:display_count=n&:origin=viz_share_link
2024,other_submission,Others,,Static dataviz,Gender Wage Gap in the Pacific,Jyoti Diwan,United States,https://pacificdatavizchallenge.org/sites/default/files/Gender%20Pay%20Gap%20inthe%20Pacific_4.png
2024,other_submission,Others,,Interactive dataviz,Graphiques Demandeurs D'emplois NC,Olivier BOYARD,New Caledonia,https://sae203.hopto.org/~olivierb/
2024,other_submission,Others,,Static dataviz,Is the urbanization a relevant factor in the percentage of married women?,Nayara Crispim,Brazil,https://pacificdatavizchallenge.org/sites/default/files/Dataviz_Challenge_Nayara_Crispim_4.pdf
2024,other_submission,Others,,Interactive dataviz,La pêche professionnelle en Province Sud,Alicia Diacoma,France,https://peche-pro-province-sud-nc.netlify.app/
2024,other_submission,Others,,Interactive dataviz,Les cas des cancers diagnostiqués en Nouvelle-Calédonie,Connor Flynn,United States,https://connorflynn.shinyapps.io/myapp/
2024,other_submission,Others,,Interactive dataviz,Les violences conjugales en Nouvelle Calédonie,Noah Wawalaha,New Caledonia,https://dataviz303-noahenzo.netlify.app/
2024,other_submission,Others,,Interactive dataviz,Life Lines: New Caledonia's Mortality,Ricardo Tranquilli Navarro,Spain,https://app.powerbi.com/view?r=eyJrIjoiOTZiYmI2YTEtM2RmMi00ZDQ0LWI3MTQtODQxOWI3NmM3MWJkIiwidCI6IjA3N2I3NjZiLTYxZjAtNGU3Yy05MzczLTkyODgzMmFhOWZlZiIsImMiOjh9
2024,other_submission,Others,,Interactive dataviz,Matthew Brandt's Pacific Dataviz Challenge Entry,Matthew Brandt,Switzerland,https://count.co/report/rLAjKsxsOfT
2024,other_submission,Others,,Static dataviz,Measuring Violence in New Caledonia using two methods-Administrative and Prevalence -Revised and Final,TAIAOPO FAUMUINA,Samoa,https://pacificdatavizchallenge.org/sites/default/files/VAW%20Prevalence%20Data%20Tai_4.pdf
2024,other_submission,Others,,Interactive dataviz,No Man is an Island,Clionadh Raychaudhuri,Vanuatu,https://public.tableau.com/app/profile/clionadh.rani.raychaudhuri/viz/SPCChallenge-Final/HomePage
2024,other_submission,Others,,Interactive dataviz,Pacific fishing,Miguel Jiménez,Spain,https://1drv.ms/p/s!AtX1ahUf8KOCgd5lo85HxdroeTbkug?e=wkQCBR
2024,other_submission,Others,,Static dataviz,Population active par secteur economique,LEA ROURE,New Caledonia,https://pacificdatavizchallenge.org/sites/default/files/Population%20active%20par%20secteur%20economique_4.pdf
2024,other_submission,Others,,Static dataviz,The map of violence hell in New-Caledonia. / La carte de l’enfer des violences sur le Caillou.,Jérémy SAHID,New Caledonia,https://pacificdatavizchallenge.org/sites/default/files/DATAVIZ%20-%20JSAHID%20-%20Tunnel%20de%20la%20violence%20-%20HD%20-%20ENG%20%26%20FR_2.pdf
2024,other_submission,Others,,Interactive dataviz,THEMATIC REPORT ON GENDER,Fiu Penjueli,Fiji,https://arcg.is/1H5mzT2
2024,other_submission,Others,,Static dataviz,UNPAID UNEQUAL,Seun Adeyemo,Nigeria,https://pacificdatavizchallenge.org/sites/default/files/UNPAID%20%28NEW%29_9.png
2024,other_submission,Others,,Static dataviz,WOMEN IN MANAGERIAL POSITIONS,Ana Teresa Kaiseler,Portugal,https://pacificdatavizchallenge.org/sites/default/files/WOMEN%20IN%20MANAGERIAL%20POSITIONS_6.jpg
2024,other_submission,Others,,Static dataviz,Women's Empowerment in the Pacific,Rebecca Fritsche,Germany,https://pacificdatavizchallenge.org/sites/default/files/Women%27s%20Empowerment%20in%20the%20Pacific__R%20Fritsche_5.pdf
2024,other_submission,Others,,Static dataviz,"Youth Not in Employment, Education or Training (N.E.E.T)",Moses Maearia,Solomon Islands,https://pacificdatavizchallenge.org/sites/default/files/Combined%20Static%20DataViz_%20Moses%20Maeariax_6.pdf
2023,winner,Interactive Dataviz,1st Prize,1st Prize,Food In Paradise,Ricardo Tranquilli Navarro,Spain,https://app.powerbi.com/view?r=eyJrIjoiNmYzYmE2MGItZWRlOS00MGQwLWI4ZjEtYTJhOWM0ZTNiOGJhIiwidCI6IjA3N2I3NjZiLTYxZjAtNGU3Yy05MzczLTkyODgzMmFhOWZlZiIsImMiOjh9
2023,winner,Interactive Dataviz,2nd Prize,2nd Prize,Carbs on the Coast,Qingyue Li,United States,https://public.tableau.com/app/profile/qingyue.li8346/viz/CarbsontheCoast/Dashboard2
2023,winner,Interactive Dataviz,3rd Prize,3rd Prize,"Inflation, a health risk in New Caledonia",Julien Ayral,France,https://app.powerbi.com/view?r=eyJrIjoiNzMzZTNhY2QtMzVmMC00MmIxLWE5MWYtM2U1Y2FiNWUxOWI5IiwidCI6ImVmODY2Y2IzLTVlZDktNDkwYy1hNzYxLTkwYzNkZGFlZTY0ZSIsImMiOjh9&pageName=ReportSection0810aec87a32558cd088
2023,winner,Static Dataviz,Unique Prize,Unique Prize,2022 assessment of the Caledonian fruit and vegetable market,Caroline Cailleton,New Caledonia,https://pacific-community.gitlab.io/pacific-data-hub/pacific-data-viz/assets/img/2023/static_entries/Poster DataViz challenge 2023 CC.PNG
2023,other_submission,Others,,Interactive dataviz,Butter and butter money,Antoine Bugeia,New Caledonia,https://lebeurrenc.osc-fr1.scalingo.io/
2023,other_submission,Others,,Interactive dataviz,Data for resilient food systems in the Pacific Island Countries and Territories,Silvina Pugliese,New Zealand,https://foodpolicydata.my.canva.site/
2023,other_submission,Others,,Static dataviz,Evolution of average prices of frozen chicken drumsticks (from 2013 to 2023),Sandro Fraschini,New Caledonia,https://pacific-community.gitlab.io/pacific-data-hub/pacific-data-viz/assets/img/2023/static_entries/Sandro et Morgane - Evolution prix pilons de poulet sur 10 ans.jpg
2023,other_submission,Others,,Interactive dataviz,Flavors of competition,Kevin-Tristan Picanon,France,https://public.tableau.com/app/profile/the.rabbitkeeper5225/viz/Project651561561/Tableaudebord2?publish=yes
2023,other_submission,Others,,Interactive dataviz,FOOD SEASON,Arnaud La Forge,New Caledonia,https://choosefoodnc.dorik.io/
2023,other_submission,Others,,Interactive dataviz,History of food export,Botagoz Akbolina,United Kingdom,https://app.powerbi.com/view?r=eyJrIjoiMzFmNzg1YWEtY2UyMy00N2I0LThkY2MtNjczMGMxOTc1NGMyIiwidCI6IjZlZWVhZjNlLTY3MTItNDhhNC05NzY3LTNmY2E1NGUxMTc1YyIsImMiOjl9
2023,other_submission,Others,,Interactive dataviz,New Caledonia's Vegetables and Fruits Market Tracker,Mengying Du,France,https://pacific-dataviz.vercel.app/
2023,other_submission,Others,,Interactive dataviz,Pacific Food Trade Dashboard,Mary Shana Thankam,United Arab Emirates,https://lookerstudio.google.com/reporting/bca343bd-b66a-47d0-9e67-ca1831a641e7
2023,other_submission,Others,,Interactive dataviz,Pacific Pulse - An Insight Into Food Trade Dynamics,Srikar Devulapalli,United States,https://www.canva.com/design/DAFvrpT6KZM/vfSyXItstdj1sZwTBP3k1g/view?website#1:pacific-pulse
2023,other_submission,Others,,Interactive dataviz,Purchasing power,Ugo Piqueras,New Caledonia,https://pacific-dataviz-challenge-fpf86a7rzb4t88dyghywm3.streamlit.app/
2023,other_submission,Others,,Interactive dataviz,SOUTH PACIFIC CARBON FOODPRINT,Sylvain Auger-Léger,New Caledonia,https://tyvain.github.io/
2023,other_submission,Others,,Static dataviz,The rise of butter price at Nouméa,Adrien Sales,New Caledonia,https://pacific-community.gitlab.io/pacific-data-hub/pacific-data-viz/assets/img/2023/static_entries/A dataviz about inflation impact on food in New-Caledonia.png
2023,other_submission,Others,,Interactive dataviz,Consequences of Cyclone Cook on banana crops in New Caledonia,Eliott Libner,France,https://experience.arcgis.com/experience/db89a0bbb6ab4d8d89a2076c2c0e47e3/
2023,other_submission,Others,,Interactive dataviz,Does the Caledonian tomato have anything to be ashamed of?,Marc Bourotte,New Caledonia,https://pacific-dataviz-challenge-2023.shinyapps.io/pacificdataviz2023/
2023,other_submission,Others,,Interactive dataviz,Evolution of Food Prices in New Caledonia Since 2019,Marc Olivier Bouan,New Caledonia,https://app.powerbi.com/view?r=eyJrIjoiOGNlNGUwNjYtYzcyMC00Zjg0LTg0MjctMTQwNjdmMDliMTA2IiwidCI6IjI5OTQ0MmJjLTY5ZmQtNDE4My1hMWRlLTJjZTFiYjIxYTFhNSJ9&embedImagePlaceholder=true&pageName=ReportSection
2023,other_submission,Others,,Interactive dataviz,Food is good,Eva Omedes Domene,Spain,https://app.powerbi.com/view?r=eyJrIjoiMTk2MDA1YzctNDdlNS00ODIzLWJmMTItOGVlZjkzOWVmNTFiIiwidCI6IjA3N2I3NjZiLTYxZjAtNGU3Yy05MzczLTkyODgzMmFhOWZlZiIsImMiOjh9
2023,other_submission,Others,,Interactive dataviz,Food trade seen through bubbles,Sebastian Graeff,Netherlands,https://sebastian-graeff.github.io/pacificdataviz.github.io/
2023,other_submission,Others,,Interactive dataviz,"Local production, import and price of fruits and vegetables in New Caledonia",Adrien Anciot,France,https://app.powerbi.com/view?r=eyJrIjoiZmJjMzMzODgtNjAyNS00NDBlLTg4YzMtOGFlMGJhNjUyMmNlIiwidCI6IjE0ZGQzN2U2LTc5MTAtNDM0Yy1hMDA4LWNmNDEyOTA5NmNkZCJ9
2023,other_submission,Others,,Static dataviz,Overview and characterization of food issues in the Pacific islands,Sylvain Clerc,New Caledonia,#
2023,other_submission,Others,,Interactive dataviz,Pacific Food--2023,Charlie Vulum,Papua New Guinea,https://www.pacificdatavizchallenge2023.live/pacific-food-trade/
2023,other_submission,Others,,Interactive dataviz,Price evolution in NC with nutritional information,Jean-Philippe Guilloux,New Caledonia,https://lookerstudio.google.com/reporting/8a80a36e-03d2-4669-b953-782ee9cdfa4e
2023,other_submission,Others,,Interactive dataviz,Sailing Through Time: Pacific Food Trade in One Glance,Harim Jung,Canada,https://public.tableau.com/app/profile/harim.jung/viz/HarimPacificGOOD/PacificDataVizPacificFoodTradeSailing
2023,other_submission,Others,,Interactive dataviz,The evolution of local production and wholesale market sales: what impact for the end consumer?,Guillaume Deschamps,New Caledonia,https://app.powerbi.com/view?r=eyJrIjoiYmUyZGUyNmItYTQ0OC00ZTA5LTlkZmMtZmY5MjJmODEzMDVmIiwidCI6ImUwYTI3MjY4LWVlNDAtNGU4Yy05OTJhLTk3OTk1MTEzNTAyYyIsImMiOjEwfQ%3D%3D&pageName=ReportSection658f6445b38c19e482bd
2023,other_submission,Others,,Static dataviz,What do New Caledonia's market gardeners produce?,Vincent Lavergne,New Caledonia,https://pacific-community.gitlab.io/pacific-data-hub/pacific-data-viz/assets/img/2023/static_entries/Que.produisent.les.maraichers.en.Nouvelle.Caledonie.data2022.pdf
2023,other_submission,Others,,Interactive dataviz,"Daily Calorie Intake Per Person in Solomon Islands, Kiribati, and Vanuatu",Isin Kosemen,Türkiye,https://www.isinkosemen.com/pacific_dataviz_challenge_2023.html
2023,other_submission,Others,,Interactive dataviz,EatYourPlate!,Laurent Degen,New Caledonia,https://pacificdataviz.element.nc/
2023,other_submission,Others,,Interactive dataviz,Evolution of local production VS imports of fruits and vegetables in NC (2012-2018),Andy Malo,New Caledonia,https://pacificdatavizchallenge2023-996ghbv8uopr2akcqtiexs.streamlit.app/
2023,other_submission,Others,,Interactive dataviz,Food prices and fruit and vegetable markets in New Caledonia,Brunel Tchekeli,France,https://pacificdatavizchallenges-tchek.streamlit.app/
2023,other_submission,Others,,Interactive dataviz,"Fruits and vegetables: The right price, from production to consumption",Thomas Poirot,New Caledonia,https://lookerstudio.google.com/reporting/e2dc4882-255f-4feb-a5ab-0a2940de7e43
2023,other_submission,Others,,Interactive dataviz,Median prize evolution from 2014,Adrien Sales,New Caledonia,https://youtu.be/bmT7cioT1Qs?si=kXvlLYqRtLvGV05H
2023,other_submission,Others,,Interactive dataviz,Pacific Food Trade,Emmanuel Ubachi,Mauritius,https://ubachi.com/feeding-the-pacific/
2023,other_submission,Others,,Interactive dataviz,Pacific Nutritional Facts,Alessia Musìo,Italy,https://public.tableau.com/app/profile/alessiamusio/viz/PacificNutritionFactsPacificDatavizChallenge2023/DietaryEnergyConsuption
2023,other_submission,Others,,Interactive dataviz,Promotions on food products in New Caledonia. A real gain for the consumer?,Hugo Durbano,New Caledonia,https://app.powerbi.com/view?r=eyJrIjoiMTY4NzNhOGMtNDlmZi00YjQyLWI5YjctOWFmMzgyNzE0Y2E2IiwidCI6IjE0ZGQzN2U2LTc5MTAtNDM0Yy1hMDA4LWNmNDEyOTA5NmNkZCJ9
2023,other_submission,Others,,Static dataviz,Seafood exports from Oceania from 1995 to 2018,Céline Perez,New Caledonia,https://pacific-community.gitlab.io/pacific-data-hub/pacific-data-viz/assets/img/2023/static_entries/PDC FOOD FISH OCE final.pdf
2023,other_submission,Others,,Interactive dataviz,The local Caledonian fruit and vegetable market,Caroline Cailleton,New Caledonia,https://caroline-cailleton.shinyapps.io/dataviz_challenge_2023_cc/
2022,winner,Others,3rd Prize,Interactive dataviz,Cook Islands Terestrial Protected Areas,Pacific Standard Time Studio,Cook Islands,https://earth.google.com/earth/d/1e8A3HlZgTZ4svjjfodEO1FomfFOwZYzS?usp=sharing
2022,winner,Others,1st Prize,Static dataviz,Republic of China Exports to Melanesian Spearhead Group,Artème Pointel,New Caledonia,https://pacificdatavizchallenge.org/sites/default/files/POINTEL-Arteme_Pacific-DataViz-Challenge-2022.pdf
2022,winner,Others,Teamwork Prize,Interactive dataviz,Kiribati Vanuatu Food Security,Enterprise DNA Challenge,United Kingdom,https://app.powerbi.com/view?r=eyJrIjoiM2U1NmViMTktM2U5OC00NWEyLWFhNDYtYjY2OGMwNTdkYmQ5IiwidCI6ImJkM2ZjNmFlLWE0NTUtNGFlYS1hM2RiLTI4NzlkMjI1MzM4NiIsImMiOjEwfQ%3D%3D
2022,winner,Others,2nd Prize,Static dataviz,Pacific Countries Indicators Dashboard,Jonas Brouillon,New Caledonia,https://jbrouillon.shinyapps.io/Pacific-Dashboard/
