geo_code,dataset_slug,dataset_name,pillar,latest_year,latest_value,scoring_value,unit,indicator_score,indicator_weight,source_row_hash,rank_within_indicator,score_percentile,score_percentile_group,score_input_role,dataset_observation_count,high_outlier_flag,low_outlier_flag,outlier_direction,outlier_label,outlier_method,outlier_q1,outlier_q3,outlier_iqr,outlier_lower_fence,outlier_upper_fence,outlier_caveat
PG,fisheries-management-measures-in-place-and-multilateral-and-bilateral-fisheries-management-arrangements,Fisheries management measures in place and multilateral and bilateral fisheries management arrangements,adaptation_capacity,2026,93.0,93.0,N,100.0,1.0,5087176834d305360470c11529a68b80a17c69f64f17a0c5753df2e1b056f631,1,1.0,top_quartile,score_input,22,False,False,not_outlier,not flagged,dataset_iqr_1_5x_on_scoring_value,28.75,68.0,39.25,-30.125,126.875,"Outliers are flagged within each dataset using 1.5x IQR fences on scoring_value; units and denominators differ across datasets, so compare within an indicator rather than across indicators."
SB,fisheries-management-measures-in-place-and-multilateral-and-bilateral-fisheries-management-arrangements,Fisheries management measures in place and multilateral and bilateral fisheries management arrangements,adaptation_capacity,2026,90.0,90.0,N,95.45454545454544,1.0,74b5c6f40bf6f1da87d2cd31e507770f7bfe4cf1e5618abac98558a994b6031b,2,0.9545,top_quartile,score_input,22,False,False,not_outlier,not flagged,dataset_iqr_1_5x_on_scoring_value,28.75,68.0,39.25,-30.125,126.875,"Outliers are flagged within each dataset using 1.5x IQR fences on scoring_value; units and denominators differ across datasets, so compare within an indicator rather than across indicators."
TO,fisheries-management-measures-in-place-and-multilateral-and-bilateral-fisheries-management-arrangements,Fisheries management measures in place and multilateral and bilateral fisheries management arrangements,adaptation_capacity,2026,77.0,77.0,N,90.9090909090909,1.0,c5b5a8e999ab5a2af5b815304caa00478dc5fc10e709a8a10d3e5f48d1472c48,3,0.9091,top_quartile,score_input,22,False,False,not_outlier,not flagged,dataset_iqr_1_5x_on_scoring_value,28.75,68.0,39.25,-30.125,126.875,"Outliers are flagged within each dataset using 1.5x IQR fences on scoring_value; units and denominators differ across datasets, so compare within an indicator rather than across indicators."
FM,fisheries-management-measures-in-place-and-multilateral-and-bilateral-fisheries-management-arrangements,Fisheries management measures in place and multilateral and bilateral fisheries management arrangements,adaptation_capacity,2026,73.0,73.0,N,86.36363636363636,1.0,d3ea94750471841f9f31696d31dad982bf184a61b58d2b3ef3731452083963f3,4,0.8636,top_quartile,score_input,22,False,False,not_outlier,not flagged,dataset_iqr_1_5x_on_scoring_value,28.75,68.0,39.25,-30.125,126.875,"Outliers are flagged within each dataset using 1.5x IQR fences on scoring_value; units and denominators differ across datasets, so compare within an indicator rather than across indicators."
KI,fisheries-management-measures-in-place-and-multilateral-and-bilateral-fisheries-management-arrangements,Fisheries management measures in place and multilateral and bilateral fisheries management arrangements,adaptation_capacity,2026,71.0,71.0,N,81.81818181818183,1.0,b457f0b858e5f2b6269a220260dc6d15d5a0d65bf9b6f868520d989c6ff866c9,5,0.8182,top_quartile,score_input,22,False,False,not_outlier,not flagged,dataset_iqr_1_5x_on_scoring_value,28.75,68.0,39.25,-30.125,126.875,"Outliers are flagged within each dataset using 1.5x IQR fences on scoring_value; units and denominators differ across datasets, so compare within an indicator rather than across indicators."
FJ,fisheries-management-measures-in-place-and-multilateral-and-bilateral-fisheries-management-arrangements,Fisheries management measures in place and multilateral and bilateral fisheries management arrangements,adaptation_capacity,2026,68.0,68.0,N,75.0,1.0,48a8093b74632cd524e90d81746b73525fbc70aec6ac634dd3d1f1e040858cab,6,0.7727,top_quartile,score_input,22,False,False,not_outlier,not flagged,dataset_iqr_1_5x_on_scoring_value,28.75,68.0,39.25,-30.125,126.875,"Outliers are flagged within each dataset using 1.5x IQR fences on scoring_value; units and denominators differ across datasets, so compare within an indicator rather than across indicators."
VU,fisheries-management-measures-in-place-and-multilateral-and-bilateral-fisheries-management-arrangements,Fisheries management measures in place and multilateral and bilateral fisheries management arrangements,adaptation_capacity,2026,68.0,68.0,N,75.0,1.0,f603b48f4a2c048e84cc8df533b2c7992f8b91dc236f476154c46d4758262f5b,6,0.7727,top_quartile,score_input,22,False,False,not_outlier,not flagged,dataset_iqr_1_5x_on_scoring_value,28.75,68.0,39.25,-30.125,126.875,"Outliers are flagged within each dataset using 1.5x IQR fences on scoring_value; units and denominators differ across datasets, so compare within an indicator rather than across indicators."
MH,fisheries-management-measures-in-place-and-multilateral-and-bilateral-fisheries-management-arrangements,Fisheries management measures in place and multilateral and bilateral fisheries management arrangements,adaptation_capacity,2026,65.0,65.0,N,68.18181818181817,1.0,1f46b8b11713bb3663645c879327b4cf988bb24a444c32cfed22cc8d3c7f3471,8,0.6818,upper_middle,score_input,22,False,False,not_outlier,not flagged,dataset_iqr_1_5x_on_scoring_value,28.75,68.0,39.25,-30.125,126.875,"Outliers are flagged within each dataset using 1.5x IQR fences on scoring_value; units and denominators differ across datasets, so compare within an indicator rather than across indicators."
CK,fisheries-management-measures-in-place-and-multilateral-and-bilateral-fisheries-management-arrangements,Fisheries management measures in place and multilateral and bilateral fisheries management arrangements,adaptation_capacity,2026,63.0,63.0,N,61.36363636363637,1.0,c2a350ac4fd433b2d7a3f212cb81468ee80fd0a6023341b68ea7eb88b7d04216,9,0.6364,upper_middle,score_input,22,False,False,not_outlier,not flagged,dataset_iqr_1_5x_on_scoring_value,28.75,68.0,39.25,-30.125,126.875,"Outliers are flagged within each dataset using 1.5x IQR fences on scoring_value; units and denominators differ across datasets, so compare within an indicator rather than across indicators."
PW,fisheries-management-measures-in-place-and-multilateral-and-bilateral-fisheries-management-arrangements,Fisheries management measures in place and multilateral and bilateral fisheries management arrangements,adaptation_capacity,2026,63.0,63.0,N,61.36363636363637,1.0,7e313806f7bfa23360b3f9726045d744a894eb9f37f9453152939c312eb56bea,9,0.6364,upper_middle,score_input,22,False,False,not_outlier,not flagged,dataset_iqr_1_5x_on_scoring_value,28.75,68.0,39.25,-30.125,126.875,"Outliers are flagged within each dataset using 1.5x IQR fences on scoring_value; units and denominators differ across datasets, so compare within an indicator rather than across indicators."
WS,fisheries-management-measures-in-place-and-multilateral-and-bilateral-fisheries-management-arrangements,Fisheries management measures in place and multilateral and bilateral fisheries management arrangements,adaptation_capacity,2026,54.0,54.0,N,54.54545454545454,1.0,ed916b1a8c46139de50bd5325d4fa491eafdbed9cce765163e10757ffbb6287a,11,0.5455,upper_middle,score_input,22,False,False,not_outlier,not flagged,dataset_iqr_1_5x_on_scoring_value,28.75,68.0,39.25,-30.125,126.875,"Outliers are flagged within each dataset using 1.5x IQR fences on scoring_value; units and denominators differ across datasets, so compare within an indicator rather than across indicators."
TV,fisheries-management-measures-in-place-and-multilateral-and-bilateral-fisheries-management-arrangements,Fisheries management measures in place and multilateral and bilateral fisheries management arrangements,adaptation_capacity,2026,43.0,43.0,N,50.0,1.0,0a7f29c1fba6904807259d7d00d6e53157c838a52cee3377ecbe3fd8590be14b,12,0.5,upper_middle,score_input,22,False,False,not_outlier,not flagged,dataset_iqr_1_5x_on_scoring_value,28.75,68.0,39.25,-30.125,126.875,"Outliers are flagged within each dataset using 1.5x IQR fences on scoring_value; units and denominators differ across datasets, so compare within an indicator rather than across indicators."
NC,fisheries-management-measures-in-place-and-multilateral-and-bilateral-fisheries-management-arrangements,Fisheries management measures in place and multilateral and bilateral fisheries management arrangements,adaptation_capacity,2026,38.0,38.0,N,45.45454545454545,1.0,bb3e871206939ce70657817a525229ce05ffc4e788cfc78e9df5a1b042201cfc,13,0.4545,lower_middle,score_input,22,False,False,not_outlier,not flagged,dataset_iqr_1_5x_on_scoring_value,28.75,68.0,39.25,-30.125,126.875,"Outliers are flagged within each dataset using 1.5x IQR fences on scoring_value; units and denominators differ across datasets, so compare within an indicator rather than across indicators."
MP,fisheries-management-measures-in-place-and-multilateral-and-bilateral-fisheries-management-arrangements,Fisheries management measures in place and multilateral and bilateral fisheries management arrangements,adaptation_capacity,2026,36.0,36.0,N,40.909090909090914,1.0,3aeac20af71dba62fbd80c3f165a2553a1c4b6ebd95b66a071dd9bff10f0acd3,14,0.4091,lower_middle,score_input,22,False,False,not_outlier,not flagged,dataset_iqr_1_5x_on_scoring_value,28.75,68.0,39.25,-30.125,126.875,"Outliers are flagged within each dataset using 1.5x IQR fences on scoring_value; units and denominators differ across datasets, so compare within an indicator rather than across indicators."
NR,fisheries-management-measures-in-place-and-multilateral-and-bilateral-fisheries-management-arrangements,Fisheries management measures in place and multilateral and bilateral fisheries management arrangements,adaptation_capacity,2026,32.0,32.0,N,36.36363636363637,1.0,47443953c029fdf4ac96a45e03b9230ca611793866cd3097b7802fe31447d467,15,0.3636,lower_middle,score_input,22,False,False,not_outlier,not flagged,dataset_iqr_1_5x_on_scoring_value,28.75,68.0,39.25,-30.125,126.875,"Outliers are flagged within each dataset using 1.5x IQR fences on scoring_value; units and denominators differ across datasets, so compare within an indicator rather than across indicators."
NU,fisheries-management-measures-in-place-and-multilateral-and-bilateral-fisheries-management-arrangements,Fisheries management measures in place and multilateral and bilateral fisheries management arrangements,adaptation_capacity,2026,31.0,31.0,N,31.818181818181817,1.0,17299027177e0e3fd96b195882eb4c7609a04de401c2fde815c3c0455811916c,16,0.3182,lower_middle,score_input,22,False,False,not_outlier,not flagged,dataset_iqr_1_5x_on_scoring_value,28.75,68.0,39.25,-30.125,126.875,"Outliers are flagged within each dataset using 1.5x IQR fences on scoring_value; units and denominators differ across datasets, so compare within an indicator rather than across indicators."
GU,fisheries-management-measures-in-place-and-multilateral-and-bilateral-fisheries-management-arrangements,Fisheries management measures in place and multilateral and bilateral fisheries management arrangements,adaptation_capacity,2026,28.0,28.0,N,27.27272727272727,1.0,1fb25f7a7e3d6f652c663a369c13697b32a55add9a5a7592cbb8f59e142f3878,17,0.2727,lower_middle,score_input,22,False,False,not_outlier,not flagged,dataset_iqr_1_5x_on_scoring_value,28.75,68.0,39.25,-30.125,126.875,"Outliers are flagged within each dataset using 1.5x IQR fences on scoring_value; units and denominators differ across datasets, so compare within an indicator rather than across indicators."
PF,fisheries-management-measures-in-place-and-multilateral-and-bilateral-fisheries-management-arrangements,Fisheries management measures in place and multilateral and bilateral fisheries management arrangements,adaptation_capacity,2026,25.0,25.0,N,22.727272727272727,1.0,14e17db0ff86ee011083673e0def6466863b94c33cfaa578856d9cc886c39240,18,0.2273,bottom_quartile,score_input,22,False,False,not_outlier,not flagged,dataset_iqr_1_5x_on_scoring_value,28.75,68.0,39.25,-30.125,126.875,"Outliers are flagged within each dataset using 1.5x IQR fences on scoring_value; units and denominators differ across datasets, so compare within an indicator rather than across indicators."
AS,fisheries-management-measures-in-place-and-multilateral-and-bilateral-fisheries-management-arrangements,Fisheries management measures in place and multilateral and bilateral fisheries management arrangements,adaptation_capacity,2026,12.0,12.0,N,18.181818181818183,1.0,e8cf17f293273bb4a522fb21c78a778623f86dd52e75a562431f5815c68cee92,19,0.1818,bottom_quartile,score_input,22,False,False,not_outlier,not flagged,dataset_iqr_1_5x_on_scoring_value,28.75,68.0,39.25,-30.125,126.875,"Outliers are flagged within each dataset using 1.5x IQR fences on scoring_value; units and denominators differ across datasets, so compare within an indicator rather than across indicators."
TK,fisheries-management-measures-in-place-and-multilateral-and-bilateral-fisheries-management-arrangements,Fisheries management measures in place and multilateral and bilateral fisheries management arrangements,adaptation_capacity,2026,11.0,11.0,N,13.636363636363637,1.0,e664ca3d3488f2163be0ba90136345122dcc3f49ff74c73c74a2ce19531aae43,20,0.1364,bottom_quartile,score_input,22,False,False,not_outlier,not flagged,dataset_iqr_1_5x_on_scoring_value,28.75,68.0,39.25,-30.125,126.875,"Outliers are flagged within each dataset using 1.5x IQR fences on scoring_value; units and denominators differ across datasets, so compare within an indicator rather than across indicators."
PN,fisheries-management-measures-in-place-and-multilateral-and-bilateral-fisheries-management-arrangements,Fisheries management measures in place and multilateral and bilateral fisheries management arrangements,adaptation_capacity,2026,8.0,8.0,N,9.090909090909092,1.0,169f399c191adaeb8fa3403df03490324fd0a926c3b1feeb4cd685f5487debd5,21,0.0909,bottom_quartile,score_input,22,False,False,not_outlier,not flagged,dataset_iqr_1_5x_on_scoring_value,28.75,68.0,39.25,-30.125,126.875,"Outliers are flagged within each dataset using 1.5x IQR fences on scoring_value; units and denominators differ across datasets, so compare within an indicator rather than across indicators."
WF,fisheries-management-measures-in-place-and-multilateral-and-bilateral-fisheries-management-arrangements,Fisheries management measures in place and multilateral and bilateral fisheries management arrangements,adaptation_capacity,2026,7.0,7.0,N,4.545454545454546,1.0,5ecad25f2636b99994d62d59a78e17f4f44250cb3efb11555b6ad6af63c379c4,22,0.0455,bottom_quartile,score_input,22,False,False,not_outlier,not flagged,dataset_iqr_1_5x_on_scoring_value,28.75,68.0,39.25,-30.125,126.875,"Outliers are flagged within each dataset using 1.5x IQR fences on scoring_value; units and denominators differ across datasets, so compare within an indicator rather than across indicators."
PW,greenhouse-gas-emissions-per-capita,Greenhouse gas emissions per capita,responsibility_context,2024,86.7,86.7,TON,100.0,1.0,2a77e6a02e25e694c6325b46e3d23db774d432e9a6ca16045232ae54e9c72203,1,1.0,top_quartile,context_only,17,True,False,high,high scoring-value outlier,dataset_iqr_1_5x_on_scoring_value,0.2,2.8,2.5999999999999996,-3.6999999999999993,6.699999999999999,"Outliers are flagged within each dataset using 1.5x IQR fences on scoring_value; units and denominators differ across datasets, so compare within an indicator rather than across indicators."
NC,greenhouse-gas-emissions-per-capita,Greenhouse gas emissions per capita,responsibility_context,2024,18.4,18.4,TON,94.11764705882352,1.0,6c3de4d5998728a0341493ad035a27de921a43ae5bb4b83c3b77edfd36188e94,2,0.9412,top_quartile,context_only,17,True,False,high,high scoring-value outlier,dataset_iqr_1_5x_on_scoring_value,0.2,2.8,2.5999999999999996,-3.6999999999999993,6.699999999999999,"Outliers are flagged within each dataset using 1.5x IQR fences on scoring_value; units and denominators differ across datasets, so compare within an indicator rather than across indicators."
PF,greenhouse-gas-emissions-per-capita,Greenhouse gas emissions per capita,responsibility_context,2024,3.8,3.8,TON,88.23529411764706,1.0,bd4d0e8980151b76b66d630e0ee7b832cb8897b22e1114c75b10e7f959fb138c,3,0.8824,top_quartile,context_only,17,False,False,not_outlier,not flagged,dataset_iqr_1_5x_on_scoring_value,0.2,2.8,2.5999999999999996,-3.6999999999999993,6.699999999999999,"Outliers are flagged within each dataset using 1.5x IQR fences on scoring_value; units and denominators differ across datasets, so compare within an indicator rather than across indicators."
FJ,greenhouse-gas-emissions-per-capita,Greenhouse gas emissions per capita,responsibility_context,2024,3.0,3.0,TON,82.35294117647058,1.0,15f4a43a80088995f6d5b44a20bf1df78ab71dd7f1af6be537e379d8ad3cfc96,4,0.8235,top_quartile,context_only,17,False,False,not_outlier,not flagged,dataset_iqr_1_5x_on_scoring_value,0.2,2.8,2.5999999999999996,-3.6999999999999993,6.699999999999999,"Outliers are flagged within each dataset using 1.5x IQR fences on scoring_value; units and denominators differ across datasets, so compare within an indicator rather than across indicators."
TO,greenhouse-gas-emissions-per-capita,Greenhouse gas emissions per capita,responsibility_context,2024,2.8,2.8,TON,76.47058823529412,1.0,fdaa50bae4704d1071067ccbdca38e3fd6765d585ef41036f24f1c3a44a29ef1,5,0.7647,top_quartile,context_only,17,False,False,not_outlier,not flagged,dataset_iqr_1_5x_on_scoring_value,0.2,2.8,2.5999999999999996,-3.6999999999999993,6.699999999999999,"Outliers are flagged within each dataset using 1.5x IQR fences on scoring_value; units and denominators differ across datasets, so compare within an indicator rather than across indicators."
WS,greenhouse-gas-emissions-per-capita,Greenhouse gas emissions per capita,responsibility_context,2024,2.4,2.4,TON,70.58823529411765,1.0,ae5c87428a977153ecef7d0ae42ee34701bcea4ce3cfcee525279961e642721e,6,0.7059,upper_middle,context_only,17,False,False,not_outlier,not flagged,dataset_iqr_1_5x_on_scoring_value,0.2,2.8,2.5999999999999996,-3.6999999999999993,6.699999999999999,"Outliers are flagged within each dataset using 1.5x IQR fences on scoring_value; units and denominators differ across datasets, so compare within an indicator rather than across indicators."
VU,greenhouse-gas-emissions-per-capita,Greenhouse gas emissions per capita,responsibility_context,2024,1.9,1.9,TON,64.70588235294117,1.0,7c860c2539cacb292219f8bd0d61cba6de0f8884ffcca3f109240f69ff6cd4a8,7,0.6471,upper_middle,context_only,17,False,False,not_outlier,not flagged,dataset_iqr_1_5x_on_scoring_value,0.2,2.8,2.5999999999999996,-3.6999999999999993,6.699999999999999,"Outliers are flagged within each dataset using 1.5x IQR fences on scoring_value; units and denominators differ across datasets, so compare within an indicator rather than across indicators."
PG,greenhouse-gas-emissions-per-capita,Greenhouse gas emissions per capita,responsibility_context,2024,1.0,1.0,TON,58.82352941176471,1.0,56649be1f2b2a9b2de100fda2c5c02e868b54fcc09c8a8af177a8a0008d47506,8,0.5882,upper_middle,context_only,17,False,False,not_outlier,not flagged,dataset_iqr_1_5x_on_scoring_value,0.2,2.8,2.5999999999999996,-3.6999999999999993,6.699999999999999,"Outliers are flagged within each dataset using 1.5x IQR fences on scoring_value; units and denominators differ across datasets, so compare within an indicator rather than across indicators."
KI,greenhouse-gas-emissions-per-capita,Greenhouse gas emissions per capita,responsibility_context,2024,0.9,0.9,TON,52.94117647058824,1.0,dec3beb22e1f16cdb075b0968cbf71b4b65a92c8e4edad788e8c72dbb5a6d8d6,9,0.5294,upper_middle,context_only,17,False,False,not_outlier,not flagged,dataset_iqr_1_5x_on_scoring_value,0.2,2.8,2.5999999999999996,-3.6999999999999993,6.699999999999999,"Outliers are flagged within each dataset using 1.5x IQR fences on scoring_value; units and denominators differ across datasets, so compare within an indicator rather than across indicators."
SB,greenhouse-gas-emissions-per-capita,Greenhouse gas emissions per capita,responsibility_context,2024,0.8,0.8,TON,47.05882352941176,1.0,41d68bf41dfabf72942a2cb2bbbcfe33cee1d3efd3443cfa100da80fedc37c73,10,0.4706,lower_middle,context_only,17,False,False,not_outlier,not flagged,dataset_iqr_1_5x_on_scoring_value,0.2,2.8,2.5999999999999996,-3.6999999999999993,6.699999999999999,"Outliers are flagged within each dataset using 1.5x IQR fences on scoring_value; units and denominators differ across datasets, so compare within an indicator rather than across indicators."
FM,greenhouse-gas-emissions-per-capita,Greenhouse gas emissions per capita,responsibility_context,2024,0.5,0.5,TON,41.17647058823529,1.0,55f365f47dfd7209a1929dc2e62260890228a9b12e83ad58cba352f6bb664476,11,0.4118,lower_middle,context_only,17,False,False,not_outlier,not flagged,dataset_iqr_1_5x_on_scoring_value,0.2,2.8,2.5999999999999996,-3.6999999999999993,6.699999999999999,"Outliers are flagged within each dataset using 1.5x IQR fences on scoring_value; units and denominators differ across datasets, so compare within an indicator rather than across indicators."
TV,greenhouse-gas-emissions-per-capita,Greenhouse gas emissions per capita,responsibility_context,2024,0.4,0.4,TON,35.294117647058826,1.0,767f373dcf53dbd9e3ae0d9616325914a8fd503a00cf9b23585cfd4a9bbe54be,12,0.3529,lower_middle,context_only,17,False,False,not_outlier,not flagged,dataset_iqr_1_5x_on_scoring_value,0.2,2.8,2.5999999999999996,-3.6999999999999993,6.699999999999999,"Outliers are flagged within each dataset using 1.5x IQR fences on scoring_value; units and denominators differ across datasets, so compare within an indicator rather than across indicators."
AS,greenhouse-gas-emissions-per-capita,Greenhouse gas emissions per capita,responsibility_context,2024,0.2,0.2,TON,29.411764705882355,1.0,e52d5264c32bf9a6eeb6902b0f4d3f2df912b302eb6072602a070a7b18cdb6c0,13,0.2941,lower_middle,context_only,17,False,False,not_outlier,not flagged,dataset_iqr_1_5x_on_scoring_value,0.2,2.8,2.5999999999999996,-3.6999999999999993,6.699999999999999,"Outliers are flagged within each dataset using 1.5x IQR fences on scoring_value; units and denominators differ across datasets, so compare within an indicator rather than across indicators."
GU,greenhouse-gas-emissions-per-capita,Greenhouse gas emissions per capita,responsibility_context,2024,0.1,0.1,TON,14.705882352941178,1.0,18241e4a50d102443be223a48a8c51bf37e4a4c2b7701c381abcc3334c5b9bb2,14,0.2353,bottom_quartile,context_only,17,False,False,not_outlier,not flagged,dataset_iqr_1_5x_on_scoring_value,0.2,2.8,2.5999999999999996,-3.6999999999999993,6.699999999999999,"Outliers are flagged within each dataset using 1.5x IQR fences on scoring_value; units and denominators differ across datasets, so compare within an indicator rather than across indicators."
MH,greenhouse-gas-emissions-per-capita,Greenhouse gas emissions per capita,responsibility_context,2024,0.1,0.1,TON,14.705882352941178,1.0,62225a10dc2b2f59610a2e2b9227205602bb7291d604fcb710bad08b9c1f9658,14,0.2353,bottom_quartile,context_only,17,False,False,not_outlier,not flagged,dataset_iqr_1_5x_on_scoring_value,0.2,2.8,2.5999999999999996,-3.6999999999999993,6.699999999999999,"Outliers are flagged within each dataset using 1.5x IQR fences on scoring_value; units and denominators differ across datasets, so compare within an indicator rather than across indicators."
MP,greenhouse-gas-emissions-per-capita,Greenhouse gas emissions per capita,responsibility_context,2024,0.1,0.1,TON,14.705882352941178,1.0,a1a85869055fa8e8e383da2853c31e8ad2af44a32e3a94ad3facc0606c82ed64,14,0.2353,bottom_quartile,context_only,17,False,False,not_outlier,not flagged,dataset_iqr_1_5x_on_scoring_value,0.2,2.8,2.5999999999999996,-3.6999999999999993,6.699999999999999,"Outliers are flagged within each dataset using 1.5x IQR fences on scoring_value; units and denominators differ across datasets, so compare within an indicator rather than across indicators."
NR,greenhouse-gas-emissions-per-capita,Greenhouse gas emissions per capita,responsibility_context,2024,0.1,0.1,TON,14.705882352941178,1.0,983d4887088f48cbdbebb4e479ca78f3c77984b3c4373111fde1095b5d589349,14,0.2353,bottom_quartile,context_only,17,False,False,not_outlier,not flagged,dataset_iqr_1_5x_on_scoring_value,0.2,2.8,2.5999999999999996,-3.6999999999999993,6.699999999999999,"Outliers are flagged within each dataset using 1.5x IQR fences on scoring_value; units and denominators differ across datasets, so compare within an indicator rather than across indicators."
PG,mean-sea-surface-temperature-anomalies,Mean sea surface temperature anomalies,climate_signal,2025,1.1,1.1,CELSIUS,100.0,1.0,55e2c603c3802730a07d122977c98bfafab3886d5145e09e3bc1fdbb45584dda,1,1.0,top_quartile,score_input,21,False,False,not_outlier,not flagged,dataset_iqr_1_5x_on_scoring_value,0.5,0.9,0.4,-0.10000000000000009,1.5,"Outliers are flagged within each dataset using 1.5x IQR fences on scoring_value; units and denominators differ across datasets, so compare within an indicator rather than across indicators."
FM,mean-sea-surface-temperature-anomalies,Mean sea surface temperature anomalies,climate_signal,2025,0.9,0.9,CELSIUS,85.71428571428571,1.0,922e23391ff8d84567b36c4bc2a8f33e8967395504bd2697b7bf83c7a31e37ad,2,0.9524,top_quartile,score_input,21,False,False,not_outlier,not flagged,dataset_iqr_1_5x_on_scoring_value,0.5,0.9,0.4,-0.10000000000000009,1.5,"Outliers are flagged within each dataset using 1.5x IQR fences on scoring_value; units and denominators differ across datasets, so compare within an indicator rather than across indicators."
GU,mean-sea-surface-temperature-anomalies,Mean sea surface temperature anomalies,climate_signal,2025,0.9,0.9,CELSIUS,85.71428571428571,1.0,23cc832c891bfc0e642a1e74cf2c1e353ea14f99876c3c7a8da2abcce09281ae,2,0.9524,top_quartile,score_input,21,False,False,not_outlier,not flagged,dataset_iqr_1_5x_on_scoring_value,0.5,0.9,0.4,-0.10000000000000009,1.5,"Outliers are flagged within each dataset using 1.5x IQR fences on scoring_value; units and denominators differ across datasets, so compare within an indicator rather than across indicators."
MP,mean-sea-surface-temperature-anomalies,Mean sea surface temperature anomalies,climate_signal,2025,0.9,0.9,CELSIUS,85.71428571428571,1.0,ae0a00774f0cdd08ad6f3ad42608d92fb83be069e673d51887d9d2f134412ecc,2,0.9524,top_quartile,score_input,21,False,False,not_outlier,not flagged,dataset_iqr_1_5x_on_scoring_value,0.5,0.9,0.4,-0.10000000000000009,1.5,"Outliers are flagged within each dataset using 1.5x IQR fences on scoring_value; units and denominators differ across datasets, so compare within an indicator rather than across indicators."
PW,mean-sea-surface-temperature-anomalies,Mean sea surface temperature anomalies,climate_signal,2025,0.9,0.9,CELSIUS,85.71428571428571,1.0,caf6d0c1bdc7b51b493b50b0c5a134211613222ea7a3342d75860f59cae3ae89,2,0.9524,top_quartile,score_input,21,False,False,not_outlier,not flagged,dataset_iqr_1_5x_on_scoring_value,0.5,0.9,0.4,-0.10000000000000009,1.5,"Outliers are flagged within each dataset using 1.5x IQR fences on scoring_value; units and denominators differ across datasets, so compare within an indicator rather than across indicators."
SB,mean-sea-surface-temperature-anomalies,Mean sea surface temperature anomalies,climate_signal,2025,0.9,0.9,CELSIUS,85.71428571428571,1.0,6f5918447a2d31d628633fa297cb0ee35653fff36ba2562cf9a6d2145361d75b,2,0.9524,top_quartile,score_input,21,False,False,not_outlier,not flagged,dataset_iqr_1_5x_on_scoring_value,0.5,0.9,0.4,-0.10000000000000009,1.5,"Outliers are flagged within each dataset using 1.5x IQR fences on scoring_value; units and denominators differ across datasets, so compare within an indicator rather than across indicators."
NC,mean-sea-surface-temperature-anomalies,Mean sea surface temperature anomalies,climate_signal,2025,0.8,0.8,CELSIUS,69.04761904761905,1.0,dc7060e67dacbab9f353e1f8d6fd7a9166d197104f062e48701d3e66500345dc,7,0.7143,upper_middle,score_input,21,False,False,not_outlier,not flagged,dataset_iqr_1_5x_on_scoring_value,0.5,0.9,0.4,-0.10000000000000009,1.5,"Outliers are flagged within each dataset using 1.5x IQR fences on scoring_value; units and denominators differ across datasets, so compare within an indicator rather than across indicators."
VU,mean-sea-surface-temperature-anomalies,Mean sea surface temperature anomalies,climate_signal,2025,0.8,0.8,CELSIUS,69.04761904761905,1.0,6ba234497f9ad3dd205fb645cb3141b2a8bdbb6b3dc67c8e485193a212724abf,7,0.7143,upper_middle,score_input,21,False,False,not_outlier,not flagged,dataset_iqr_1_5x_on_scoring_value,0.5,0.9,0.4,-0.10000000000000009,1.5,"Outliers are flagged within each dataset using 1.5x IQR fences on scoring_value; units and denominators differ across datasets, so compare within an indicator rather than across indicators."
FJ,mean-sea-surface-temperature-anomalies,Mean sea surface temperature anomalies,climate_signal,2025,0.7,0.7,CELSIUS,61.90476190476191,1.0,90aa305cbc314e9bd969dcaefce41ba74ccced151f6d9789c286ce4952157760,9,0.619,upper_middle,score_input,21,False,False,not_outlier,not flagged,dataset_iqr_1_5x_on_scoring_value,0.5,0.9,0.4,-0.10000000000000009,1.5,"Outliers are flagged within each dataset using 1.5x IQR fences on scoring_value; units and denominators differ across datasets, so compare within an indicator rather than across indicators."
MH,mean-sea-surface-temperature-anomalies,Mean sea surface temperature anomalies,climate_signal,2025,0.6,0.6,CELSIUS,52.38095238095239,1.0,797a5495c41831fa1ecccb471b523f661f8a2d698fc875a2c828d03562a81a6e,10,0.5714,upper_middle,score_input,21,False,False,not_outlier,not flagged,dataset_iqr_1_5x_on_scoring_value,0.5,0.9,0.4,-0.10000000000000009,1.5,"Outliers are flagged within each dataset using 1.5x IQR fences on scoring_value; units and denominators differ across datasets, so compare within an indicator rather than across indicators."
PF,mean-sea-surface-temperature-anomalies,Mean sea surface temperature anomalies,climate_signal,2025,0.6,0.6,CELSIUS,52.38095238095239,1.0,4010420f81782c5a0ec54b7d192544e142014a52689d8db370590a73818b9721,10,0.5714,upper_middle,score_input,21,False,False,not_outlier,not flagged,dataset_iqr_1_5x_on_scoring_value,0.5,0.9,0.4,-0.10000000000000009,1.5,"Outliers are flagged within each dataset using 1.5x IQR fences on scoring_value; units and denominators differ across datasets, so compare within an indicator rather than across indicators."
TO,mean-sea-surface-temperature-anomalies,Mean sea surface temperature anomalies,climate_signal,2025,0.6,0.6,CELSIUS,52.38095238095239,1.0,c7cd15912892f0262561c242060a98089899a6c8310b6fce6bd67fe147da1476,10,0.5714,upper_middle,score_input,21,False,False,not_outlier,not flagged,dataset_iqr_1_5x_on_scoring_value,0.5,0.9,0.4,-0.10000000000000009,1.5,"Outliers are flagged within each dataset using 1.5x IQR fences on scoring_value; units and denominators differ across datasets, so compare within an indicator rather than across indicators."
AS,mean-sea-surface-temperature-anomalies,Mean sea surface temperature anomalies,climate_signal,2025,0.5,0.5,CELSIUS,33.33333333333333,1.0,108f710a01abe4a38223a5f8536ba3d9a8dcb702f08bd56098e715f5d9bbbbd6,13,0.4286,lower_middle,score_input,21,False,False,not_outlier,not flagged,dataset_iqr_1_5x_on_scoring_value,0.5,0.9,0.4,-0.10000000000000009,1.5,"Outliers are flagged within each dataset using 1.5x IQR fences on scoring_value; units and denominators differ across datasets, so compare within an indicator rather than across indicators."
CK,mean-sea-surface-temperature-anomalies,Mean sea surface temperature anomalies,climate_signal,2025,0.5,0.5,CELSIUS,33.33333333333333,1.0,bffa8c3d2f3f453078af560e88136f3172f98faa97420371a2e603e800d16bbd,13,0.4286,lower_middle,score_input,21,False,False,not_outlier,not flagged,dataset_iqr_1_5x_on_scoring_value,0.5,0.9,0.4,-0.10000000000000009,1.5,"Outliers are flagged within each dataset using 1.5x IQR fences on scoring_value; units and denominators differ across datasets, so compare within an indicator rather than across indicators."
NU,mean-sea-surface-temperature-anomalies,Mean sea surface temperature anomalies,climate_signal,2025,0.5,0.5,CELSIUS,33.33333333333333,1.0,ac647fa3f68cf932ea63013375e8ad956a9b83d98e4d8b651452a5dff39f732f,13,0.4286,lower_middle,score_input,21,False,False,not_outlier,not flagged,dataset_iqr_1_5x_on_scoring_value,0.5,0.9,0.4,-0.10000000000000009,1.5,"Outliers are flagged within each dataset using 1.5x IQR fences on scoring_value; units and denominators differ across datasets, so compare within an indicator rather than across indicators."
WF,mean-sea-surface-temperature-anomalies,Mean sea surface temperature anomalies,climate_signal,2025,0.5,0.5,CELSIUS,33.33333333333333,1.0,35846cb3534f339280a69df6d2ad8ed8d8541edf557bb2c18fbcf054307fd400,13,0.4286,lower_middle,score_input,21,False,False,not_outlier,not flagged,dataset_iqr_1_5x_on_scoring_value,0.5,0.9,0.4,-0.10000000000000009,1.5,"Outliers are flagged within each dataset using 1.5x IQR fences on scoring_value; units and denominators differ across datasets, so compare within an indicator rather than across indicators."
WS,mean-sea-surface-temperature-anomalies,Mean sea surface temperature anomalies,climate_signal,2025,0.5,0.5,CELSIUS,33.33333333333333,1.0,03abe3276a2e0719eb112d37aeba4c0c614184b801423d319c69b6830abf33b7,13,0.4286,lower_middle,score_input,21,False,False,not_outlier,not flagged,dataset_iqr_1_5x_on_scoring_value,0.5,0.9,0.4,-0.10000000000000009,1.5,"Outliers are flagged within each dataset using 1.5x IQR fences on scoring_value; units and denominators differ across datasets, so compare within an indicator rather than across indicators."
TK,mean-sea-surface-temperature-anomalies,Mean sea surface temperature anomalies,climate_signal,2025,0.4,0.4,CELSIUS,16.666666666666664,1.0,480840295e864c7330e1aa794a2eb62f31807f69d135db6413c09eabe9e2d03d,18,0.1905,bottom_quartile,score_input,21,False,False,not_outlier,not flagged,dataset_iqr_1_5x_on_scoring_value,0.5,0.9,0.4,-0.10000000000000009,1.5,"Outliers are flagged within each dataset using 1.5x IQR fences on scoring_value; units and denominators differ across datasets, so compare within an indicator rather than across indicators."
TV,mean-sea-surface-temperature-anomalies,Mean sea surface temperature anomalies,climate_signal,2025,0.4,0.4,CELSIUS,16.666666666666664,1.0,49c19d938ffc54b67c3912b9ed196651a8739fbf2f42b7cf2763919c6715158a,18,0.1905,bottom_quartile,score_input,21,False,False,not_outlier,not flagged,dataset_iqr_1_5x_on_scoring_value,0.5,0.9,0.4,-0.10000000000000009,1.5,"Outliers are flagged within each dataset using 1.5x IQR fences on scoring_value; units and denominators differ across datasets, so compare within an indicator rather than across indicators."
NR,mean-sea-surface-temperature-anomalies,Mean sea surface temperature anomalies,climate_signal,2025,0.3,0.3,CELSIUS,9.523809523809524,1.0,5cd638e458f85d7ca5c96cc7e8cb73daf7ec7b754b393eb0f92c6e4d67b9ea82,20,0.0952,bottom_quartile,score_input,21,False,False,not_outlier,not flagged,dataset_iqr_1_5x_on_scoring_value,0.5,0.9,0.4,-0.10000000000000009,1.5,"Outliers are flagged within each dataset using 1.5x IQR fences on scoring_value; units and denominators differ across datasets, so compare within an indicator rather than across indicators."
KI,mean-sea-surface-temperature-anomalies,Mean sea surface temperature anomalies,climate_signal,2025,0.1,0.1,CELSIUS,4.761904761904762,1.0,1b3d0123f59d7a8b4549b1c2b5dd7777afce339dee1b8dd6d164f6cd003568e6,21,0.0476,bottom_quartile,score_input,21,False,False,not_outlier,not flagged,dataset_iqr_1_5x_on_scoring_value,0.5,0.9,0.4,-0.10000000000000009,1.5,"Outliers are flagged within each dataset using 1.5x IQR fences on scoring_value; units and denominators differ across datasets, so compare within an indicator rather than across indicators."
PG,mean-surface-temperature-anomalies,Mean surface temperature anomalies,climate_signal,2025,1.1,1.1,CELSIUS,100.0,1.0,647b65a6e0760a5aa98c5f78e92213016ad026363cb3b3f765acc7476061e489,1,1.0,top_quartile,score_input,22,False,False,not_outlier,not flagged,dataset_iqr_1_5x_on_scoring_value,0.5,0.9,0.4,-0.10000000000000009,1.5,"Outliers are flagged within each dataset using 1.5x IQR fences on scoring_value; units and denominators differ across datasets, so compare within an indicator rather than across indicators."
SB,mean-surface-temperature-anomalies,Mean surface temperature anomalies,climate_signal,2025,1.0,1.0,CELSIUS,95.45454545454544,1.0,d97b8c937a98a090a1bbc891a256b83f13c2730b65ffcdb0bb035fa6b11a7eab,2,0.9545,top_quartile,score_input,22,False,False,not_outlier,not flagged,dataset_iqr_1_5x_on_scoring_value,0.5,0.9,0.4,-0.10000000000000009,1.5,"Outliers are flagged within each dataset using 1.5x IQR fences on scoring_value; units and denominators differ across datasets, so compare within an indicator rather than across indicators."
FM,mean-surface-temperature-anomalies,Mean surface temperature anomalies,climate_signal,2025,0.9,0.9,CELSIUS,81.81818181818183,1.0,2a2f6a843751768b3747a6876cc7f0fd57cf0903cbe253eb58f7b14c8bd5cc8a,3,0.9091,top_quartile,score_input,22,False,False,not_outlier,not flagged,dataset_iqr_1_5x_on_scoring_value,0.5,0.9,0.4,-0.10000000000000009,1.5,"Outliers are flagged within each dataset using 1.5x IQR fences on scoring_value; units and denominators differ across datasets, so compare within an indicator rather than across indicators."
GU,mean-surface-temperature-anomalies,Mean surface temperature anomalies,climate_signal,2025,0.9,0.9,CELSIUS,81.81818181818183,1.0,2b5415df3de350a98eb9d126bbd9f8a72090a18cb390524a5190248a00ac7d45,3,0.9091,top_quartile,score_input,22,False,False,not_outlier,not flagged,dataset_iqr_1_5x_on_scoring_value,0.5,0.9,0.4,-0.10000000000000009,1.5,"Outliers are flagged within each dataset using 1.5x IQR fences on scoring_value; units and denominators differ across datasets, so compare within an indicator rather than across indicators."
MP,mean-surface-temperature-anomalies,Mean surface temperature anomalies,climate_signal,2025,0.9,0.9,CELSIUS,81.81818181818183,1.0,5709837aafcfc42df99f0d642a4452f40ebb6a7e7830b45e151caf8b0fdf5e2a,3,0.9091,top_quartile,score_input,22,False,False,not_outlier,not flagged,dataset_iqr_1_5x_on_scoring_value,0.5,0.9,0.4,-0.10000000000000009,1.5,"Outliers are flagged within each dataset using 1.5x IQR fences on scoring_value; units and denominators differ across datasets, so compare within an indicator rather than across indicators."
PW,mean-surface-temperature-anomalies,Mean surface temperature anomalies,climate_signal,2025,0.9,0.9,CELSIUS,81.81818181818183,1.0,69fd54f14e14b420123ff4f855ab0a5591a60694cd9288680b8e637a560fc40a,3,0.9091,top_quartile,score_input,22,False,False,not_outlier,not flagged,dataset_iqr_1_5x_on_scoring_value,0.5,0.9,0.4,-0.10000000000000009,1.5,"Outliers are flagged within each dataset using 1.5x IQR fences on scoring_value; units and denominators differ across datasets, so compare within an indicator rather than across indicators."
VU,mean-surface-temperature-anomalies,Mean surface temperature anomalies,climate_signal,2025,0.9,0.9,CELSIUS,81.81818181818183,1.0,c7b5795b8cac3d2fc2103d76f04ecf48116f45a05af9663611b04dbd3d5de199,3,0.9091,top_quartile,score_input,22,False,False,not_outlier,not flagged,dataset_iqr_1_5x_on_scoring_value,0.5,0.9,0.4,-0.10000000000000009,1.5,"Outliers are flagged within each dataset using 1.5x IQR fences on scoring_value; units and denominators differ across datasets, so compare within an indicator rather than across indicators."
FJ,mean-surface-temperature-anomalies,Mean surface temperature anomalies,climate_signal,2025,0.7,0.7,CELSIUS,65.9090909090909,1.0,1fedc8e26e1ff84f1a4074cf462aec8b566950b329c350b913d92162f7fa6b70,8,0.6818,upper_middle,score_input,22,False,False,not_outlier,not flagged,dataset_iqr_1_5x_on_scoring_value,0.5,0.9,0.4,-0.10000000000000009,1.5,"Outliers are flagged within each dataset using 1.5x IQR fences on scoring_value; units and denominators differ across datasets, so compare within an indicator rather than across indicators."
NC,mean-surface-temperature-anomalies,Mean surface temperature anomalies,climate_signal,2025,0.7,0.7,CELSIUS,65.9090909090909,1.0,b1bc0c1ec1a3db09d9ed18fd075c1fcd88bc88049f902643a4ed09efad53a664,8,0.6818,upper_middle,score_input,22,False,False,not_outlier,not flagged,dataset_iqr_1_5x_on_scoring_value,0.5,0.9,0.4,-0.10000000000000009,1.5,"Outliers are flagged within each dataset using 1.5x IQR fences on scoring_value; units and denominators differ across datasets, so compare within an indicator rather than across indicators."
PN,mean-surface-temperature-anomalies,Mean surface temperature anomalies,climate_signal,2025,0.6,0.6,CELSIUS,56.81818181818182,1.0,bcbf065d66d67bf1649ab140cf7241f00adeee2e1c5846462169733789073327,10,0.5909,upper_middle,score_input,22,False,False,not_outlier,not flagged,dataset_iqr_1_5x_on_scoring_value,0.5,0.9,0.4,-0.10000000000000009,1.5,"Outliers are flagged within each dataset using 1.5x IQR fences on scoring_value; units and denominators differ across datasets, so compare within an indicator rather than across indicators."
TO,mean-surface-temperature-anomalies,Mean surface temperature anomalies,climate_signal,2025,0.6,0.6,CELSIUS,56.81818181818182,1.0,3af877a5f64ff4046ebe3dfebc58f2d59ed2bca7836920501491e17e3048d89a,10,0.5909,upper_middle,score_input,22,False,False,not_outlier,not flagged,dataset_iqr_1_5x_on_scoring_value,0.5,0.9,0.4,-0.10000000000000009,1.5,"Outliers are flagged within each dataset using 1.5x IQR fences on scoring_value; units and denominators differ across datasets, so compare within an indicator rather than across indicators."
AS,mean-surface-temperature-anomalies,Mean surface temperature anomalies,climate_signal,2025,0.5,0.5,CELSIUS,36.36363636363637,1.0,31a92d99c188d8fcba6a688a0166017b0337f61cdfcebe2de9685874e3cd06d9,12,0.5,upper_middle,score_input,22,False,False,not_outlier,not flagged,dataset_iqr_1_5x_on_scoring_value,0.5,0.9,0.4,-0.10000000000000009,1.5,"Outliers are flagged within each dataset using 1.5x IQR fences on scoring_value; units and denominators differ across datasets, so compare within an indicator rather than across indicators."
CK,mean-surface-temperature-anomalies,Mean surface temperature anomalies,climate_signal,2025,0.5,0.5,CELSIUS,36.36363636363637,1.0,1962eeb82c0c30e177ac8085982c0de13eaabdfa575d58152931e4a4cc3475b5,12,0.5,upper_middle,score_input,22,False,False,not_outlier,not flagged,dataset_iqr_1_5x_on_scoring_value,0.5,0.9,0.4,-0.10000000000000009,1.5,"Outliers are flagged within each dataset using 1.5x IQR fences on scoring_value; units and denominators differ across datasets, so compare within an indicator rather than across indicators."
NU,mean-surface-temperature-anomalies,Mean surface temperature anomalies,climate_signal,2025,0.5,0.5,CELSIUS,36.36363636363637,1.0,ea1e128ed464181c3566130c78d309f6314a8d7cf3cd737979d8e30f9d5a17e3,12,0.5,upper_middle,score_input,22,False,False,not_outlier,not flagged,dataset_iqr_1_5x_on_scoring_value,0.5,0.9,0.4,-0.10000000000000009,1.5,"Outliers are flagged within each dataset using 1.5x IQR fences on scoring_value; units and denominators differ across datasets, so compare within an indicator rather than across indicators."
PF,mean-surface-temperature-anomalies,Mean surface temperature anomalies,climate_signal,2025,0.5,0.5,CELSIUS,36.36363636363637,1.0,b495f616b8fb78cd7751cdf428b4081b60965cd6791c0e6fcd90c27cb693f1f8,12,0.5,upper_middle,score_input,22,False,False,not_outlier,not flagged,dataset_iqr_1_5x_on_scoring_value,0.5,0.9,0.4,-0.10000000000000009,1.5,"Outliers are flagged within each dataset using 1.5x IQR fences on scoring_value; units and denominators differ across datasets, so compare within an indicator rather than across indicators."
TV,mean-surface-temperature-anomalies,Mean surface temperature anomalies,climate_signal,2025,0.5,0.5,CELSIUS,36.36363636363637,1.0,0b6756874ef92ea5d3762ffaa4ef0226ad7c7bbf579c953478b53795f784e496,12,0.5,upper_middle,score_input,22,False,False,not_outlier,not flagged,dataset_iqr_1_5x_on_scoring_value,0.5,0.9,0.4,-0.10000000000000009,1.5,"Outliers are flagged within each dataset using 1.5x IQR fences on scoring_value; units and denominators differ across datasets, so compare within an indicator rather than across indicators."
WF,mean-surface-temperature-anomalies,Mean surface temperature anomalies,climate_signal,2025,0.5,0.5,CELSIUS,36.36363636363637,1.0,7284f6d5fcc186c94f2ebf989fbfd40845a23b5bc8505a1d4b8e634b2a067c5e,12,0.5,upper_middle,score_input,22,False,False,not_outlier,not flagged,dataset_iqr_1_5x_on_scoring_value,0.5,0.9,0.4,-0.10000000000000009,1.5,"Outliers are flagged within each dataset using 1.5x IQR fences on scoring_value; units and denominators differ across datasets, so compare within an indicator rather than across indicators."
WS,mean-surface-temperature-anomalies,Mean surface temperature anomalies,climate_signal,2025,0.5,0.5,CELSIUS,36.36363636363637,1.0,f65dacb5fcc430db9947ad27988f05a13c6e58dbb66396899305a74265e77af2,12,0.5,upper_middle,score_input,22,False,False,not_outlier,not flagged,dataset_iqr_1_5x_on_scoring_value,0.5,0.9,0.4,-0.10000000000000009,1.5,"Outliers are flagged within each dataset using 1.5x IQR fences on scoring_value; units and denominators differ across datasets, so compare within an indicator rather than across indicators."
MH,mean-surface-temperature-anomalies,Mean surface temperature anomalies,climate_signal,2025,0.4,0.4,CELSIUS,15.909090909090908,1.0,6c3d2e23acf9a981667bb126d5ebda4181418892e8cdb3e3b3845efdf3c9f94c,19,0.1818,bottom_quartile,score_input,22,False,False,not_outlier,not flagged,dataset_iqr_1_5x_on_scoring_value,0.5,0.9,0.4,-0.10000000000000009,1.5,"Outliers are flagged within each dataset using 1.5x IQR fences on scoring_value; units and denominators differ across datasets, so compare within an indicator rather than across indicators."
TK,mean-surface-temperature-anomalies,Mean surface temperature anomalies,climate_signal,2025,0.4,0.4,CELSIUS,15.909090909090908,1.0,db273ae709cc8c0291b642beff294ab677c1d11001bf4b6aebc3f34aa09c5aa3,19,0.1818,bottom_quartile,score_input,22,False,False,not_outlier,not flagged,dataset_iqr_1_5x_on_scoring_value,0.5,0.9,0.4,-0.10000000000000009,1.5,"Outliers are flagged within each dataset using 1.5x IQR fences on scoring_value; units and denominators differ across datasets, so compare within an indicator rather than across indicators."
NR,mean-surface-temperature-anomalies,Mean surface temperature anomalies,climate_signal,2025,0.3,0.3,CELSIUS,9.090909090909092,1.0,e01f6e354e42a37984d3131d634178afad86e6cf93d567cea4eaae2065ad9b79,21,0.0909,bottom_quartile,score_input,22,False,False,not_outlier,not flagged,dataset_iqr_1_5x_on_scoring_value,0.5,0.9,0.4,-0.10000000000000009,1.5,"Outliers are flagged within each dataset using 1.5x IQR fences on scoring_value; units and denominators differ across datasets, so compare within an indicator rather than across indicators."
KI,mean-surface-temperature-anomalies,Mean surface temperature anomalies,climate_signal,2025,0.0,0.0,CELSIUS,4.545454545454546,1.0,063c2d0b62371de48cbbc7e5a39180868d16c3324ceb4a432d402bb09f105e4c,22,0.0455,bottom_quartile,score_input,22,False,False,not_outlier,not flagged,dataset_iqr_1_5x_on_scoring_value,0.5,0.9,0.4,-0.10000000000000009,1.5,"Outliers are flagged within each dataset using 1.5x IQR fences on scoring_value; units and denominators differ across datasets, so compare within an indicator rather than across indicators."
FJ,meteorological-monitoring-network,Meteorological monitoring network,adaptation_capacity,2026,8.0,8.0,N,100.0,1.0,f901203333cc9f8f197eb4e71644e24be30843c37747d3cfe09aaa3b663eaec4,1,1.0,top_quartile,score_input,18,False,False,not_outlier,not flagged,dataset_iqr_1_5x_on_scoring_value,1.25,4.0,2.75,-2.875,8.125,"Outliers are flagged within each dataset using 1.5x IQR fences on scoring_value; units and denominators differ across datasets, so compare within an indicator rather than across indicators."
PF,meteorological-monitoring-network,Meteorological monitoring network,adaptation_capacity,2026,7.0,7.0,N,94.44444444444444,1.0,abdb83da79258aa8ab8825105e8c49ac0619390019b48e63fc925e2a15a8c633,2,0.9444,top_quartile,score_input,18,False,False,not_outlier,not flagged,dataset_iqr_1_5x_on_scoring_value,1.25,4.0,2.75,-2.875,8.125,"Outliers are flagged within each dataset using 1.5x IQR fences on scoring_value; units and denominators differ across datasets, so compare within an indicator rather than across indicators."
PG,meteorological-monitoring-network,Meteorological monitoring network,adaptation_capacity,2026,6.0,6.0,N,86.11111111111111,1.0,77188c1e3881a61e0cd5ab622660e424163730c08eadd31e923548463a8a06bb,3,0.8889,top_quartile,score_input,18,False,False,not_outlier,not flagged,dataset_iqr_1_5x_on_scoring_value,1.25,4.0,2.75,-2.875,8.125,"Outliers are flagged within each dataset using 1.5x IQR fences on scoring_value; units and denominators differ across datasets, so compare within an indicator rather than across indicators."
VU,meteorological-monitoring-network,Meteorological monitoring network,adaptation_capacity,2026,6.0,6.0,N,86.11111111111111,1.0,740359181db762f9efe736e12b5c4b3b3a4dc1a7172844843b3b6ab7ee7222a6,3,0.8889,top_quartile,score_input,18,False,False,not_outlier,not flagged,dataset_iqr_1_5x_on_scoring_value,1.25,4.0,2.75,-2.875,8.125,"Outliers are flagged within each dataset using 1.5x IQR fences on scoring_value; units and denominators differ across datasets, so compare within an indicator rather than across indicators."
KI,meteorological-monitoring-network,Meteorological monitoring network,adaptation_capacity,2026,4.0,4.0,N,72.22222222222221,1.0,c091a24fabc3c3cf89c30acf8a33bcb5b52f12da161c753393806aa5b32c4591,5,0.7778,top_quartile,score_input,18,False,False,not_outlier,not flagged,dataset_iqr_1_5x_on_scoring_value,1.25,4.0,2.75,-2.875,8.125,"Outliers are flagged within each dataset using 1.5x IQR fences on scoring_value; units and denominators differ across datasets, so compare within an indicator rather than across indicators."
NC,meteorological-monitoring-network,Meteorological monitoring network,adaptation_capacity,2026,4.0,4.0,N,72.22222222222221,1.0,5ce8932d61975e76e6a1b4d7fa3b3aa232a8a190c81094d916cebb2876ef90b1,5,0.7778,top_quartile,score_input,18,False,False,not_outlier,not flagged,dataset_iqr_1_5x_on_scoring_value,1.25,4.0,2.75,-2.875,8.125,"Outliers are flagged within each dataset using 1.5x IQR fences on scoring_value; units and denominators differ across datasets, so compare within an indicator rather than across indicators."
TO,meteorological-monitoring-network,Meteorological monitoring network,adaptation_capacity,2026,4.0,4.0,N,72.22222222222221,1.0,8acb8fc2cf175cd98a1ff337bc86341e1801e4b2f25eedef0e437a385b58c800,5,0.7778,top_quartile,score_input,18,False,False,not_outlier,not flagged,dataset_iqr_1_5x_on_scoring_value,1.25,4.0,2.75,-2.875,8.125,"Outliers are flagged within each dataset using 1.5x IQR fences on scoring_value; units and denominators differ across datasets, so compare within an indicator rather than across indicators."
FM,meteorological-monitoring-network,Meteorological monitoring network,adaptation_capacity,2026,3.0,3.0,N,55.55555555555556,1.0,61fb077d33ccb265dc5cf08f3eba5603b42358fdfd589dd0026faac7e0caa0c4,8,0.6111,upper_middle,score_input,18,False,False,not_outlier,not flagged,dataset_iqr_1_5x_on_scoring_value,1.25,4.0,2.75,-2.875,8.125,"Outliers are flagged within each dataset using 1.5x IQR fences on scoring_value; units and denominators differ across datasets, so compare within an indicator rather than across indicators."
SB,meteorological-monitoring-network,Meteorological monitoring network,adaptation_capacity,2026,3.0,3.0,N,55.55555555555556,1.0,05ec2ff5d9f2c4f2be71f7644985217fdeaa86220e970b56483553acba0d0869,8,0.6111,upper_middle,score_input,18,False,False,not_outlier,not flagged,dataset_iqr_1_5x_on_scoring_value,1.25,4.0,2.75,-2.875,8.125,"Outliers are flagged within each dataset using 1.5x IQR fences on scoring_value; units and denominators differ across datasets, so compare within an indicator rather than across indicators."
TV,meteorological-monitoring-network,Meteorological monitoring network,adaptation_capacity,2026,3.0,3.0,N,55.55555555555556,1.0,a542d369bc0b12908ac77a1443c1bd8a3ba84fe6608210b954a6b3516a7195eb,8,0.6111,upper_middle,score_input,18,False,False,not_outlier,not flagged,dataset_iqr_1_5x_on_scoring_value,1.25,4.0,2.75,-2.875,8.125,"Outliers are flagged within each dataset using 1.5x IQR fences on scoring_value; units and denominators differ across datasets, so compare within an indicator rather than across indicators."
CK,meteorological-monitoring-network,Meteorological monitoring network,adaptation_capacity,2026,2.0,2.0,N,38.88888888888889,1.0,e2e333faf8cf35dbc27c1a8b9746c269b49254d90ab2a48a534c57b531e2c20e,11,0.4444,lower_middle,score_input,18,False,False,not_outlier,not flagged,dataset_iqr_1_5x_on_scoring_value,1.25,4.0,2.75,-2.875,8.125,"Outliers are flagged within each dataset using 1.5x IQR fences on scoring_value; units and denominators differ across datasets, so compare within an indicator rather than across indicators."
MH,meteorological-monitoring-network,Meteorological monitoring network,adaptation_capacity,2026,2.0,2.0,N,38.88888888888889,1.0,4c51aa9b6c98acf68e07cbf063dff4bf55e0bfb0770b93336c596e4ef49db30e,11,0.4444,lower_middle,score_input,18,False,False,not_outlier,not flagged,dataset_iqr_1_5x_on_scoring_value,1.25,4.0,2.75,-2.875,8.125,"Outliers are flagged within each dataset using 1.5x IQR fences on scoring_value; units and denominators differ across datasets, so compare within an indicator rather than across indicators."
WS,meteorological-monitoring-network,Meteorological monitoring network,adaptation_capacity,2026,2.0,2.0,N,38.88888888888889,1.0,3a4386090ae7de45cfcd84939db541b2a94d7cccc75bcc9feeaccffae658d62b,11,0.4444,lower_middle,score_input,18,False,False,not_outlier,not flagged,dataset_iqr_1_5x_on_scoring_value,1.25,4.0,2.75,-2.875,8.125,"Outliers are flagged within each dataset using 1.5x IQR fences on scoring_value; units and denominators differ across datasets, so compare within an indicator rather than across indicators."
PW,meteorological-monitoring-network,Meteorological monitoring network,adaptation_capacity,2026,1.0,1.0,N,25.0,1.0,3570c6d2dc88208609235a2053e219595648521bc0c919a1f8442575ed6a5afe,14,0.2778,lower_middle,score_input,18,False,False,not_outlier,not flagged,dataset_iqr_1_5x_on_scoring_value,1.25,4.0,2.75,-2.875,8.125,"Outliers are flagged within each dataset using 1.5x IQR fences on scoring_value; units and denominators differ across datasets, so compare within an indicator rather than across indicators."
TK,meteorological-monitoring-network,Meteorological monitoring network,adaptation_capacity,2026,1.0,1.0,N,25.0,1.0,451c0a0437fa141e9b506fb2ea31a8ee5176fed1d0d986cf230068666100e40d,14,0.2778,lower_middle,score_input,18,False,False,not_outlier,not flagged,dataset_iqr_1_5x_on_scoring_value,1.25,4.0,2.75,-2.875,8.125,"Outliers are flagged within each dataset using 1.5x IQR fences on scoring_value; units and denominators differ across datasets, so compare within an indicator rather than across indicators."
NR,meteorological-monitoring-network,Meteorological monitoring network,adaptation_capacity,2026,0.0,0.0,N,11.11111111111111,1.0,a0292390a11f5d493c0a373c6ddcf357265bcfa67ba37b86b7c9d49cbf6a27e2,16,0.1667,bottom_quartile,score_input,18,False,False,not_outlier,not flagged,dataset_iqr_1_5x_on_scoring_value,1.25,4.0,2.75,-2.875,8.125,"Outliers are flagged within each dataset using 1.5x IQR fences on scoring_value; units and denominators differ across datasets, so compare within an indicator rather than across indicators."
NU,meteorological-monitoring-network,Meteorological monitoring network,adaptation_capacity,2026,0.0,0.0,N,11.11111111111111,1.0,69898759f3aefe95ce8c7659a32eef7cc911e2105fde8685ba9c040d4117e6be,16,0.1667,bottom_quartile,score_input,18,False,False,not_outlier,not flagged,dataset_iqr_1_5x_on_scoring_value,1.25,4.0,2.75,-2.875,8.125,"Outliers are flagged within each dataset using 1.5x IQR fences on scoring_value; units and denominators differ across datasets, so compare within an indicator rather than across indicators."
PN,meteorological-monitoring-network,Meteorological monitoring network,adaptation_capacity,2026,0.0,0.0,N,11.11111111111111,1.0,a87f56c397c202a34606adfd5470e2cab6f719e40606c92854d4d9c9c4fa42aa,16,0.1667,bottom_quartile,score_input,18,False,False,not_outlier,not flagged,dataset_iqr_1_5x_on_scoring_value,1.25,4.0,2.75,-2.875,8.125,"Outliers are flagged within each dataset using 1.5x IQR fences on scoring_value; units and denominators differ across datasets, so compare within an indicator rather than across indicators."
MH,number-of-directly-affected-persons-attributed-to-disasters,Number of directly affected persons attributed to disasters,observed_stress,2022,52914.0,52914.0,N,100.0,1.0,ca9fafa4bb07403354674397f7a3c0c27089c69f91e35973a17cf7da54c12097,1,1.0,top_quartile,score_input,21,True,False,high,high scoring-value outlier,dataset_iqr_1_5x_on_scoring_value,0.0,3297.0,3297.0,-4945.5,8242.5,"Outliers are flagged within each dataset using 1.5x IQR fences on scoring_value; units and denominators differ across datasets, so compare within an indicator rather than across indicators."
SB,number-of-directly-affected-persons-attributed-to-disasters,Number of directly affected persons attributed to disasters,observed_stress,2022,20080.0,20080.0,N,95.23809523809524,1.0,2d2b02d408747dff35e016c123dcf2801ad51ac49dec5469d0c4d2a7299a31ee,2,0.9524,top_quartile,score_input,21,True,False,high,high scoring-value outlier,dataset_iqr_1_5x_on_scoring_value,0.0,3297.0,3297.0,-4945.5,8242.5,"Outliers are flagged within each dataset using 1.5x IQR fences on scoring_value; units and denominators differ across datasets, so compare within an indicator rather than across indicators."
FM,number-of-directly-affected-persons-attributed-to-disasters,Number of directly affected persons attributed to disasters,observed_stress,2021,15010.0,15010.0,N,90.47619047619048,1.0,049d54cc538066846eefbb45b42a7978e35a115c5fe45741c10a083953377522,3,0.9048,top_quartile,score_input,21,True,False,high,high scoring-value outlier,dataset_iqr_1_5x_on_scoring_value,0.0,3297.0,3297.0,-4945.5,8242.5,"Outliers are flagged within each dataset using 1.5x IQR fences on scoring_value; units and denominators differ across datasets, so compare within an indicator rather than across indicators."
TV,number-of-directly-affected-persons-attributed-to-disasters,Number of directly affected persons attributed to disasters,observed_stress,2022,7748.0,7748.0,N,85.71428571428571,1.0,2bb84aae16aa9374688ca3235ea85eb21dae1eac4a571c5cf002b3d4f8f9e247,4,0.8571,top_quartile,score_input,21,False,False,not_outlier,not flagged,dataset_iqr_1_5x_on_scoring_value,0.0,3297.0,3297.0,-4945.5,8242.5,"Outliers are flagged within each dataset using 1.5x IQR fences on scoring_value; units and denominators differ across datasets, so compare within an indicator rather than across indicators."
NR,number-of-directly-affected-persons-attributed-to-disasters,Number of directly affected persons attributed to disasters,observed_stress,2022,5393.0,5393.0,N,80.95238095238095,1.0,8d73276e64f6b571e559934109fc7e467b8ffd5a549ac59ba0319e427714b936,5,0.8095,top_quartile,score_input,21,False,False,not_outlier,not flagged,dataset_iqr_1_5x_on_scoring_value,0.0,3297.0,3297.0,-4945.5,8242.5,"Outliers are flagged within each dataset using 1.5x IQR fences on scoring_value; units and denominators differ across datasets, so compare within an indicator rather than across indicators."
PG,number-of-directly-affected-persons-attributed-to-disasters,Number of directly affected persons attributed to disasters,observed_stress,2020,3297.0,3297.0,N,76.19047619047619,1.0,2398b049cc22f8a529c6aa26772f009b0287680d81a1763eaab488f38f9678bb,6,0.7619,top_quartile,score_input,21,False,False,not_outlier,not flagged,dataset_iqr_1_5x_on_scoring_value,0.0,3297.0,3297.0,-4945.5,8242.5,"Outliers are flagged within each dataset using 1.5x IQR fences on scoring_value; units and denominators differ across datasets, so compare within an indicator rather than across indicators."
FJ,number-of-directly-affected-persons-attributed-to-disasters,Number of directly affected persons attributed to disasters,observed_stress,2022,1787.0,1787.0,N,71.42857142857143,1.0,73bfe84a1624ff38a963c9e0aaaecfb813580cf133f2dcad4cc464458adfa14a,7,0.7143,upper_middle,score_input,21,False,False,not_outlier,not flagged,dataset_iqr_1_5x_on_scoring_value,0.0,3297.0,3297.0,-4945.5,8242.5,"Outliers are flagged within each dataset using 1.5x IQR fences on scoring_value; units and denominators differ across datasets, so compare within an indicator rather than across indicators."
VU,number-of-directly-affected-persons-attributed-to-disasters,Number of directly affected persons attributed to disasters,observed_stress,2021,1400.0,1400.0,N,66.66666666666666,1.0,c1727288f0a21a5acb56fdd41dd44fb84a86a7fb8aced58893a5a6cd56dbbb52,8,0.6667,upper_middle,score_input,21,False,False,not_outlier,not flagged,dataset_iqr_1_5x_on_scoring_value,0.0,3297.0,3297.0,-4945.5,8242.5,"Outliers are flagged within each dataset using 1.5x IQR fences on scoring_value; units and denominators differ across datasets, so compare within an indicator rather than across indicators."
PW,number-of-directly-affected-persons-attributed-to-disasters,Number of directly affected persons attributed to disasters,observed_stress,2022,780.0,780.0,N,61.90476190476191,1.0,ab64a52cebf88a5c91a9756d9889e4a4aa621ca5aac9048c86397aafcb8177b2,9,0.619,upper_middle,score_input,21,False,False,not_outlier,not flagged,dataset_iqr_1_5x_on_scoring_value,0.0,3297.0,3297.0,-4945.5,8242.5,"Outliers are flagged within each dataset using 1.5x IQR fences on scoring_value; units and denominators differ across datasets, so compare within an indicator rather than across indicators."
KI,number-of-directly-affected-persons-attributed-to-disasters,Number of directly affected persons attributed to disasters,observed_stress,2021,333.0,333.0,N,57.14285714285714,1.0,969a3959f55dd7544c85baff505f21a7b600b75c0cfda82fdcab2cc004570b3e,10,0.5714,upper_middle,score_input,21,False,False,not_outlier,not flagged,dataset_iqr_1_5x_on_scoring_value,0.0,3297.0,3297.0,-4945.5,8242.5,"Outliers are flagged within each dataset using 1.5x IQR fences on scoring_value; units and denominators differ across datasets, so compare within an indicator rather than across indicators."
AS,number-of-directly-affected-persons-attributed-to-disasters,Number of directly affected persons attributed to disasters,observed_stress,2020,232.0,232.0,N,52.38095238095239,1.0,7448be32c53541e534a03b3649e0207544f08103d9d8de3811002a4b17aef671,11,0.5238,upper_middle,score_input,21,False,False,not_outlier,not flagged,dataset_iqr_1_5x_on_scoring_value,0.0,3297.0,3297.0,-4945.5,8242.5,"Outliers are flagged within each dataset using 1.5x IQR fences on scoring_value; units and denominators differ across datasets, so compare within an indicator rather than across indicators."
WS,number-of-directly-affected-persons-attributed-to-disasters,Number of directly affected persons attributed to disasters,observed_stress,2023,138.0,138.0,N,47.61904761904761,1.0,8ba02735d404e0cf5d5940d92edbfc395ee77352326ba0041161a588a57bbdeb,12,0.4762,lower_middle,score_input,21,False,False,not_outlier,not flagged,dataset_iqr_1_5x_on_scoring_value,0.0,3297.0,3297.0,-4945.5,8242.5,"Outliers are flagged within each dataset using 1.5x IQR fences on scoring_value; units and denominators differ across datasets, so compare within an indicator rather than across indicators."
TO,number-of-directly-affected-persons-attributed-to-disasters,Number of directly affected persons attributed to disasters,observed_stress,2020,68.0,68.0,N,42.85714285714285,1.0,bac8f2db455cecef49bc797c97f961ddaf98b660f4cd0b1d14371183ac95596e,13,0.4286,lower_middle,score_input,21,False,False,not_outlier,not flagged,dataset_iqr_1_5x_on_scoring_value,0.0,3297.0,3297.0,-4945.5,8242.5,"Outliers are flagged within each dataset using 1.5x IQR fences on scoring_value; units and denominators differ across datasets, so compare within an indicator rather than across indicators."
NC,number-of-directly-affected-persons-attributed-to-disasters,Number of directly affected persons attributed to disasters,observed_stress,2020,2.0,2.0,N,38.095238095238095,1.0,c237de3c5a04388b0afef3246050bc863a13f2b32ae3528f687b89799819d29f,14,0.381,lower_middle,score_input,21,False,False,not_outlier,not flagged,dataset_iqr_1_5x_on_scoring_value,0.0,3297.0,3297.0,-4945.5,8242.5,"Outliers are flagged within each dataset using 1.5x IQR fences on scoring_value; units and denominators differ across datasets, so compare within an indicator rather than across indicators."
CK,number-of-directly-affected-persons-attributed-to-disasters,Number of directly affected persons attributed to disasters,observed_stress,2020,0.0,0.0,N,19.047619047619047,1.0,86f4a39f61f1437fd4cd528224194cf1fec07ecb8903db62b13fa19bbf4c50e4,15,0.3333,lower_middle,score_input,21,False,False,not_outlier,not flagged,dataset_iqr_1_5x_on_scoring_value,0.0,3297.0,3297.0,-4945.5,8242.5,"Outliers are flagged within each dataset using 1.5x IQR fences on scoring_value; units and denominators differ across datasets, so compare within an indicator rather than across indicators."
GU,number-of-directly-affected-persons-attributed-to-disasters,Number of directly affected persons attributed to disasters,observed_stress,2015,0.0,0.0,N,19.047619047619047,1.0,167b7a812542648b154b8e909867020836c94820754e9300ec7a945b3fa72b89,15,0.3333,lower_middle,score_input,21,False,False,not_outlier,not flagged,dataset_iqr_1_5x_on_scoring_value,0.0,3297.0,3297.0,-4945.5,8242.5,"Outliers are flagged within each dataset using 1.5x IQR fences on scoring_value; units and denominators differ across datasets, so compare within an indicator rather than across indicators."
MP,number-of-directly-affected-persons-attributed-to-disasters,Number of directly affected persons attributed to disasters,observed_stress,2015,0.0,0.0,N,19.047619047619047,1.0,7b354ee8b3669d78f6ab54aeceac26e639f46f9096efcff4539c57bf701ce651,15,0.3333,lower_middle,score_input,21,False,False,not_outlier,not flagged,dataset_iqr_1_5x_on_scoring_value,0.0,3297.0,3297.0,-4945.5,8242.5,"Outliers are flagged within each dataset using 1.5x IQR fences on scoring_value; units and denominators differ across datasets, so compare within an indicator rather than across indicators."
NU,number-of-directly-affected-persons-attributed-to-disasters,Number of directly affected persons attributed to disasters,observed_stress,2020,0.0,0.0,N,19.047619047619047,1.0,125d91a5aadaed9a63943172c9972b4ca786cdb5a5bea82e7504dafc0b5a1e0d,15,0.3333,lower_middle,score_input,21,False,False,not_outlier,not flagged,dataset_iqr_1_5x_on_scoring_value,0.0,3297.0,3297.0,-4945.5,8242.5,"Outliers are flagged within each dataset using 1.5x IQR fences on scoring_value; units and denominators differ across datasets, so compare within an indicator rather than across indicators."
PF,number-of-directly-affected-persons-attributed-to-disasters,Number of directly affected persons attributed to disasters,observed_stress,2007,0.0,0.0,N,19.047619047619047,1.0,fd58a556d4af197c387ffbd5e0cf20e5964fdc25ff60625dc9521c29a137d6c5,15,0.3333,lower_middle,score_input,21,False,False,not_outlier,not flagged,dataset_iqr_1_5x_on_scoring_value,0.0,3297.0,3297.0,-4945.5,8242.5,"Outliers are flagged within each dataset using 1.5x IQR fences on scoring_value; units and denominators differ across datasets, so compare within an indicator rather than across indicators."
TK,number-of-directly-affected-persons-attributed-to-disasters,Number of directly affected persons attributed to disasters,observed_stress,2011,0.0,0.0,N,19.047619047619047,1.0,616dc2a6c63fc0639c9bc170830581419a043c5bcc774da287ca987345b370c3,15,0.3333,lower_middle,score_input,21,False,False,not_outlier,not flagged,dataset_iqr_1_5x_on_scoring_value,0.0,3297.0,3297.0,-4945.5,8242.5,"Outliers are flagged within each dataset using 1.5x IQR fences on scoring_value; units and denominators differ across datasets, so compare within an indicator rather than across indicators."
WF,number-of-directly-affected-persons-attributed-to-disasters,Number of directly affected persons attributed to disasters,observed_stress,2020,0.0,0.0,N,19.047619047619047,1.0,782f2f5c03288f59e88ba67f59218604ae0dd42537a575a318e5c06988492cc4,15,0.3333,lower_middle,score_input,21,False,False,not_outlier,not flagged,dataset_iqr_1_5x_on_scoring_value,0.0,3297.0,3297.0,-4945.5,8242.5,"Outliers are flagged within each dataset using 1.5x IQR fences on scoring_value; units and denominators differ across datasets, so compare within an indicator rather than across indicators."
NC,power-generation,Power generation,adaptation_capacity,2023,3348.5,3348.5,GWH,100.0,1.0,83e61302730aebc81c587a54be20aa32684cc699a6e953655ec14d4b72bc6737,1,1.0,top_quartile,score_input,18,True,False,high,high scoring-value outlier,dataset_iqr_1_5x_on_scoring_value,47.4,522.525,475.125,-665.2875,1235.2125,"Outliers are flagged within each dataset using 1.5x IQR fences on scoring_value; units and denominators differ across datasets, so compare within an indicator rather than across indicators."
PG,power-generation,Power generation,adaptation_capacity,2023,2841.7,2841.7,GWH,94.44444444444444,1.0,cf354118c40123fdc04ca372d85cfa3e7031786ae5008f39e51ad19069ad8df0,2,0.9444,top_quartile,score_input,18,True,False,high,high scoring-value outlier,dataset_iqr_1_5x_on_scoring_value,47.4,522.525,475.125,-665.2875,1235.2125,"Outliers are flagged within each dataset using 1.5x IQR fences on scoring_value; units and denominators differ across datasets, so compare within an indicator rather than across indicators."
GU,power-generation,Power generation,adaptation_capacity,2023,1629.8,1629.8,GWH,88.88888888888889,1.0,917a379d8998e17a2dc218b97feacfcae00fa4f7a15d7e4100392a3da2d9e41a,3,0.8889,top_quartile,score_input,18,True,False,high,high scoring-value outlier,dataset_iqr_1_5x_on_scoring_value,47.4,522.525,475.125,-665.2875,1235.2125,"Outliers are flagged within each dataset using 1.5x IQR fences on scoring_value; units and denominators differ across datasets, so compare within an indicator rather than across indicators."
FJ,power-generation,Power generation,adaptation_capacity,2023,1284.5,1284.5,GWH,83.33333333333334,1.0,b33cf910be1ab698e8477e6161b44a2625d901ba22951cc21e1beacf9d5a92a3,4,0.8333,top_quartile,score_input,18,True,False,high,high scoring-value outlier,dataset_iqr_1_5x_on_scoring_value,47.4,522.525,475.125,-665.2875,1235.2125,"Outliers are flagged within each dataset using 1.5x IQR fences on scoring_value; units and denominators differ across datasets, so compare within an indicator rather than across indicators."
PF,power-generation,Power generation,adaptation_capacity,2023,629.3,629.3,GWH,77.77777777777779,1.0,06c302e13aecea7af23b97b5ebac615d9c84dea1b3b26bca7219c127b8f67ce4,5,0.7778,top_quartile,score_input,18,False,False,not_outlier,not flagged,dataset_iqr_1_5x_on_scoring_value,47.4,522.525,475.125,-665.2875,1235.2125,"Outliers are flagged within each dataset using 1.5x IQR fences on scoring_value; units and denominators differ across datasets, so compare within an indicator rather than across indicators."
WS,power-generation,Power generation,adaptation_capacity,2023,202.2,202.2,GWH,72.22222222222221,1.0,f847ca7e94f4e3b14f6d0030a74eb4e71b1521c363269d30396072addb719f83,6,0.7222,upper_middle,score_input,18,False,False,not_outlier,not flagged,dataset_iqr_1_5x_on_scoring_value,47.4,522.525,475.125,-665.2875,1235.2125,"Outliers are flagged within each dataset using 1.5x IQR fences on scoring_value; units and denominators differ across datasets, so compare within an indicator rather than across indicators."
PW,power-generation,Power generation,adaptation_capacity,2023,118.6,118.6,GWH,66.66666666666666,1.0,a4d99bc77dea5a0da432b719191a00c74960b97c4caeb6f9f9bf40b876fc1e72,7,0.6667,upper_middle,score_input,18,False,False,not_outlier,not flagged,dataset_iqr_1_5x_on_scoring_value,47.4,522.525,475.125,-665.2875,1235.2125,"Outliers are flagged within each dataset using 1.5x IQR fences on scoring_value; units and denominators differ across datasets, so compare within an indicator rather than across indicators."
SB,power-generation,Power generation,adaptation_capacity,2023,110.9,110.9,GWH,61.11111111111112,1.0,00315b694f271155a60b149975771b59f9842742b80b150add2d8a0adb4f34f3,8,0.6111,upper_middle,score_input,18,False,False,not_outlier,not flagged,dataset_iqr_1_5x_on_scoring_value,47.4,522.525,475.125,-665.2875,1235.2125,"Outliers are flagged within each dataset using 1.5x IQR fences on scoring_value; units and denominators differ across datasets, so compare within an indicator rather than across indicators."
FM,power-generation,Power generation,adaptation_capacity,2023,90.3,90.3,GWH,55.55555555555556,1.0,78b17d29ce5979f050ca288dc2685a6e7377d1c37555288a24a94996cce7222c,9,0.5556,upper_middle,score_input,18,False,False,not_outlier,not flagged,dataset_iqr_1_5x_on_scoring_value,47.4,522.525,475.125,-665.2875,1235.2125,"Outliers are flagged within each dataset using 1.5x IQR fences on scoring_value; units and denominators differ across datasets, so compare within an indicator rather than across indicators."
VU,power-generation,Power generation,adaptation_capacity,2023,83.2,83.2,GWH,50.0,1.0,cd94ac9b0b60d35b99ad913f66adbb52b589aa2cf0fdfa223b357ba38ff5d1c6,10,0.5,upper_middle,score_input,18,False,False,not_outlier,not flagged,dataset_iqr_1_5x_on_scoring_value,47.4,522.525,475.125,-665.2875,1235.2125,"Outliers are flagged within each dataset using 1.5x IQR fences on scoring_value; units and denominators differ across datasets, so compare within an indicator rather than across indicators."
MH,power-generation,Power generation,adaptation_capacity,2023,82.9,82.9,GWH,44.44444444444444,1.0,894b1f60217e6f8c0067adb5e3f5584928d87e14f0d3e1dec29c5932c8039450,11,0.4444,lower_middle,score_input,18,False,False,not_outlier,not flagged,dataset_iqr_1_5x_on_scoring_value,47.4,522.525,475.125,-665.2875,1235.2125,"Outliers are flagged within each dataset using 1.5x IQR fences on scoring_value; units and denominators differ across datasets, so compare within an indicator rather than across indicators."
TO,power-generation,Power generation,adaptation_capacity,2023,81.5,81.5,GWH,38.88888888888889,1.0,5d97ad8c0b1f14dad1889fb57cf3c03e656fb33a58cb5fdda3a7ddad87c0ebf5,12,0.3889,lower_middle,score_input,18,False,False,not_outlier,not flagged,dataset_iqr_1_5x_on_scoring_value,47.4,522.525,475.125,-665.2875,1235.2125,"Outliers are flagged within each dataset using 1.5x IQR fences on scoring_value; units and denominators differ across datasets, so compare within an indicator rather than across indicators."
NR,power-generation,Power generation,adaptation_capacity,2023,58.8,58.8,GWH,33.33333333333333,1.0,35d1e4d3e21dd9efbc0fe3b580270ae90b5a7e5cbc5d4d6b931e479277b7b7c1,13,0.3333,lower_middle,score_input,18,False,False,not_outlier,not flagged,dataset_iqr_1_5x_on_scoring_value,47.4,522.525,475.125,-665.2875,1235.2125,"Outliers are flagged within each dataset using 1.5x IQR fences on scoring_value; units and denominators differ across datasets, so compare within an indicator rather than across indicators."
CK,power-generation,Power generation,adaptation_capacity,2023,43.6,43.6,GWH,27.77777777777778,1.0,5f1fe55701578ee7effa6ca286baafda6c14aba39287764e1e2be7c5774e21d5,14,0.2778,lower_middle,score_input,18,False,False,not_outlier,not flagged,dataset_iqr_1_5x_on_scoring_value,47.4,522.525,475.125,-665.2875,1235.2125,"Outliers are flagged within each dataset using 1.5x IQR fences on scoring_value; units and denominators differ across datasets, so compare within an indicator rather than across indicators."
KI,power-generation,Power generation,adaptation_capacity,2023,34.7,34.7,GWH,22.22222222222222,1.0,6a8fa5b4bfa79b77131e4beb52a65b470498203c915f0c4a9042f8e90849afb9,15,0.2222,bottom_quartile,score_input,18,False,False,not_outlier,not flagged,dataset_iqr_1_5x_on_scoring_value,47.4,522.525,475.125,-665.2875,1235.2125,"Outliers are flagged within each dataset using 1.5x IQR fences on scoring_value; units and denominators differ across datasets, so compare within an indicator rather than across indicators."
TV,power-generation,Power generation,adaptation_capacity,2023,11.7,11.7,GWH,16.666666666666664,1.0,96424dbf3fa42474313d30b1b3f5c33a2cbb58bc558ef1d68cb623dcf0bdeb7c,16,0.1667,bottom_quartile,score_input,18,False,False,not_outlier,not flagged,dataset_iqr_1_5x_on_scoring_value,47.4,522.525,475.125,-665.2875,1235.2125,"Outliers are flagged within each dataset using 1.5x IQR fences on scoring_value; units and denominators differ across datasets, so compare within an indicator rather than across indicators."
NU,power-generation,Power generation,adaptation_capacity,2023,4.5,4.5,GWH,11.11111111111111,1.0,92ff04e6c69bcdda746f9c3db74ab91745cdf7c3c236d4f73e3433de428f8c71,17,0.1111,bottom_quartile,score_input,18,False,False,not_outlier,not flagged,dataset_iqr_1_5x_on_scoring_value,47.4,522.525,475.125,-665.2875,1235.2125,"Outliers are flagged within each dataset using 1.5x IQR fences on scoring_value; units and denominators differ across datasets, so compare within an indicator rather than across indicators."
TK,power-generation,Power generation,adaptation_capacity,2023,1.8,1.8,GWH,5.555555555555555,1.0,a60d0fe8c61cacdf5844766864ba6fb38f6ee7ee4365d878bc051788e47fb039,18,0.0556,bottom_quartile,score_input,18,False,False,not_outlier,not flagged,dataset_iqr_1_5x_on_scoring_value,47.4,522.525,475.125,-665.2875,1235.2125,"Outliers are flagged within each dataset using 1.5x IQR fences on scoring_value; units and denominators differ across datasets, so compare within an indicator rather than across indicators."
NR,rainfall-anomalies,Rainfall anomalies,climate_signal,2025,-41.8,41.8,MM,100.0,1.0,075ffc510c37943dfd62209983b485be18c4d32b182d18bdb0309ff848f14e3f,1,1.0,top_quartile,score_input,22,True,False,high,high scoring-value outlier,dataset_iqr_1_5x_on_scoring_value,5.625,13.55,7.925000000000001,-6.262500000000001,25.4375,"Outliers are flagged within each dataset using 1.5x IQR fences on scoring_value; units and denominators differ across datasets, so compare within an indicator rather than across indicators."
KI,rainfall-anomalies,Rainfall anomalies,climate_signal,2025,-22.3,22.3,MM,95.45454545454544,1.0,f39f5d9eb88caa6c2af7ff5b4bb3a5bbb9f1b1260c90f9c1ee0c73efbc6461a1,2,0.9545,top_quartile,score_input,22,False,False,not_outlier,not flagged,dataset_iqr_1_5x_on_scoring_value,5.625,13.55,7.925000000000001,-6.262500000000001,25.4375,"Outliers are flagged within each dataset using 1.5x IQR fences on scoring_value; units and denominators differ across datasets, so compare within an indicator rather than across indicators."
TO,rainfall-anomalies,Rainfall anomalies,climate_signal,2025,16.3,16.3,MM,90.9090909090909,1.0,f2bc8a0049195c56898227ab514061ebf08e0b11243cc29337e4ad0e471e62c9,3,0.9091,top_quartile,score_input,22,False,False,not_outlier,not flagged,dataset_iqr_1_5x_on_scoring_value,5.625,13.55,7.925000000000001,-6.262500000000001,25.4375,"Outliers are flagged within each dataset using 1.5x IQR fences on scoring_value; units and denominators differ across datasets, so compare within an indicator rather than across indicators."
TV,rainfall-anomalies,Rainfall anomalies,climate_signal,2025,-15.6,15.6,MM,86.36363636363636,1.0,2e1e902394d64eca06c291f6cea0f4bf81084b8bbf7ac5c744045bf156d4768b,4,0.8636,top_quartile,score_input,22,False,False,not_outlier,not flagged,dataset_iqr_1_5x_on_scoring_value,5.625,13.55,7.925000000000001,-6.262500000000001,25.4375,"Outliers are flagged within each dataset using 1.5x IQR fences on scoring_value; units and denominators differ across datasets, so compare within an indicator rather than across indicators."
WS,rainfall-anomalies,Rainfall anomalies,climate_signal,2025,13.9,13.9,MM,81.81818181818183,1.0,4cb3dd2445111539c82ed82504d37ab96773455e494d68308ae3a4909e971bde,5,0.8182,top_quartile,score_input,22,False,False,not_outlier,not flagged,dataset_iqr_1_5x_on_scoring_value,5.625,13.55,7.925000000000001,-6.262500000000001,25.4375,"Outliers are flagged within each dataset using 1.5x IQR fences on scoring_value; units and denominators differ across datasets, so compare within an indicator rather than across indicators."
WF,rainfall-anomalies,Rainfall anomalies,climate_signal,2025,13.8,13.8,MM,77.27272727272727,1.0,69fe732ef8b737d9f15ddb2d6675ead67b6569dda295ac40b1a940995ceb8b79,6,0.7727,top_quartile,score_input,22,False,False,not_outlier,not flagged,dataset_iqr_1_5x_on_scoring_value,5.625,13.55,7.925000000000001,-6.262500000000001,25.4375,"Outliers are flagged within each dataset using 1.5x IQR fences on scoring_value; units and denominators differ across datasets, so compare within an indicator rather than across indicators."
MP,rainfall-anomalies,Rainfall anomalies,climate_signal,2025,-12.8,12.8,MM,72.72727272727273,1.0,1b145e72a7f691215719ae8e287e94de7247b4c34e4cf08a3ec180473fb4a3e4,7,0.7273,upper_middle,score_input,22,False,False,not_outlier,not flagged,dataset_iqr_1_5x_on_scoring_value,5.625,13.55,7.925000000000001,-6.262500000000001,25.4375,"Outliers are flagged within each dataset using 1.5x IQR fences on scoring_value; units and denominators differ across datasets, so compare within an indicator rather than across indicators."
AS,rainfall-anomalies,Rainfall anomalies,climate_signal,2025,11.7,11.7,MM,68.18181818181817,1.0,8645d5b2feb116ce0245c356e1c48b4b4bf7c2923c2549e08623216449e1608d,8,0.6818,upper_middle,score_input,22,False,False,not_outlier,not flagged,dataset_iqr_1_5x_on_scoring_value,5.625,13.55,7.925000000000001,-6.262500000000001,25.4375,"Outliers are flagged within each dataset using 1.5x IQR fences on scoring_value; units and denominators differ across datasets, so compare within an indicator rather than across indicators."
NU,rainfall-anomalies,Rainfall anomalies,climate_signal,2025,11.6,11.6,MM,63.63636363636363,1.0,8e4ec0cd85352640a572f7655f6d2fd76e0218f49cf2424c5c0e3fa0615f14c6,9,0.6364,upper_middle,score_input,22,False,False,not_outlier,not flagged,dataset_iqr_1_5x_on_scoring_value,5.625,13.55,7.925000000000001,-6.262500000000001,25.4375,"Outliers are flagged within each dataset using 1.5x IQR fences on scoring_value; units and denominators differ across datasets, so compare within an indicator rather than across indicators."
PG,rainfall-anomalies,Rainfall anomalies,climate_signal,2025,11.5,11.5,MM,59.09090909090909,1.0,4998a41fca7999d9a073cf7d42edbe48848a833c44069dc65e24e2e662d80f5c,10,0.5909,upper_middle,score_input,22,False,False,not_outlier,not flagged,dataset_iqr_1_5x_on_scoring_value,5.625,13.55,7.925000000000001,-6.262500000000001,25.4375,"Outliers are flagged within each dataset using 1.5x IQR fences on scoring_value; units and denominators differ across datasets, so compare within an indicator rather than across indicators."
PW,rainfall-anomalies,Rainfall anomalies,climate_signal,2025,9.7,9.7,MM,54.54545454545454,1.0,e46e881ee908e0848243747aa315b68e260bc79250327690e84c704fb09c0f80,11,0.5455,upper_middle,score_input,22,False,False,not_outlier,not flagged,dataset_iqr_1_5x_on_scoring_value,5.625,13.55,7.925000000000001,-6.262500000000001,25.4375,"Outliers are flagged within each dataset using 1.5x IQR fences on scoring_value; units and denominators differ across datasets, so compare within an indicator rather than across indicators."
PN,rainfall-anomalies,Rainfall anomalies,climate_signal,2025,-7.6,7.6,MM,50.0,1.0,ca29e6faa87db60f54b90dc6bf214eafba3cb966ddc81caaa1ac2dc449938fe3,12,0.5,upper_middle,score_input,22,False,False,not_outlier,not flagged,dataset_iqr_1_5x_on_scoring_value,5.625,13.55,7.925000000000001,-6.262500000000001,25.4375,"Outliers are flagged within each dataset using 1.5x IQR fences on scoring_value; units and denominators differ across datasets, so compare within an indicator rather than across indicators."
CK,rainfall-anomalies,Rainfall anomalies,climate_signal,2025,-7.2,7.2,MM,45.45454545454545,1.0,506332577e20172e500b851753f1b7d3fc0a550e3b97bc662cc974842295e19e,13,0.4545,lower_middle,score_input,22,False,False,not_outlier,not flagged,dataset_iqr_1_5x_on_scoring_value,5.625,13.55,7.925000000000001,-6.262500000000001,25.4375,"Outliers are flagged within each dataset using 1.5x IQR fences on scoring_value; units and denominators differ across datasets, so compare within an indicator rather than across indicators."
NC,rainfall-anomalies,Rainfall anomalies,climate_signal,2025,-6.6,6.6,MM,40.909090909090914,1.0,2bda5bbdf6b2d84085e60467886821eee5195589a3d155e95c2bd08ca420596d,14,0.4091,lower_middle,score_input,22,False,False,not_outlier,not flagged,dataset_iqr_1_5x_on_scoring_value,5.625,13.55,7.925000000000001,-6.262500000000001,25.4375,"Outliers are flagged within each dataset using 1.5x IQR fences on scoring_value; units and denominators differ across datasets, so compare within an indicator rather than across indicators."
SB,rainfall-anomalies,Rainfall anomalies,climate_signal,2025,6.1,6.1,MM,36.36363636363637,1.0,eefa9c5f6074d71d72986ecb9d6da8ab921d3bafa9404c9cec7732768d286aea,15,0.3636,lower_middle,score_input,22,False,False,not_outlier,not flagged,dataset_iqr_1_5x_on_scoring_value,5.625,13.55,7.925000000000001,-6.262500000000001,25.4375,"Outliers are flagged within each dataset using 1.5x IQR fences on scoring_value; units and denominators differ across datasets, so compare within an indicator rather than across indicators."
FM,rainfall-anomalies,Rainfall anomalies,climate_signal,2025,5.7,5.7,MM,31.818181818181817,1.0,95535eec42bf26b82db221c46a973db8452674edab2ae67715e3dd4860c118ea,16,0.3182,lower_middle,score_input,22,False,False,not_outlier,not flagged,dataset_iqr_1_5x_on_scoring_value,5.625,13.55,7.925000000000001,-6.262500000000001,25.4375,"Outliers are flagged within each dataset using 1.5x IQR fences on scoring_value; units and denominators differ across datasets, so compare within an indicator rather than across indicators."
TK,rainfall-anomalies,Rainfall anomalies,climate_signal,2025,-5.6,5.6,MM,27.27272727272727,1.0,c2328d010ca718ca4d2a45f5f5f872c2113850c78997713cd09c0ef09a230a0b,17,0.2727,lower_middle,score_input,22,False,False,not_outlier,not flagged,dataset_iqr_1_5x_on_scoring_value,5.625,13.55,7.925000000000001,-6.262500000000001,25.4375,"Outliers are flagged within each dataset using 1.5x IQR fences on scoring_value; units and denominators differ across datasets, so compare within an indicator rather than across indicators."
PF,rainfall-anomalies,Rainfall anomalies,climate_signal,2025,5.3,5.3,MM,22.727272727272727,1.0,1dc8215e631714f92fa42b4d1e124127b8127bdd23c6a4dd32666824647fc4f6,18,0.2273,bottom_quartile,score_input,22,False,False,not_outlier,not flagged,dataset_iqr_1_5x_on_scoring_value,5.625,13.55,7.925000000000001,-6.262500000000001,25.4375,"Outliers are flagged within each dataset using 1.5x IQR fences on scoring_value; units and denominators differ across datasets, so compare within an indicator rather than across indicators."
MH,rainfall-anomalies,Rainfall anomalies,climate_signal,2025,-4.3,4.3,MM,18.181818181818183,1.0,bd45b2fbeffa0ba15cf4b45b74f9c911de847cbb70d86f600b8a6572c644676c,19,0.1818,bottom_quartile,score_input,22,False,False,not_outlier,not flagged,dataset_iqr_1_5x_on_scoring_value,5.625,13.55,7.925000000000001,-6.262500000000001,25.4375,"Outliers are flagged within each dataset using 1.5x IQR fences on scoring_value; units and denominators differ across datasets, so compare within an indicator rather than across indicators."
GU,rainfall-anomalies,Rainfall anomalies,climate_signal,2025,-3.1,3.1,MM,13.636363636363637,1.0,b2bd9513f23dfd4f7b7d8478425b30c48d9d1c0644ec794c39c29c9af5ed5d5a,20,0.1364,bottom_quartile,score_input,22,False,False,not_outlier,not flagged,dataset_iqr_1_5x_on_scoring_value,5.625,13.55,7.925000000000001,-6.262500000000001,25.4375,"Outliers are flagged within each dataset using 1.5x IQR fences on scoring_value; units and denominators differ across datasets, so compare within an indicator rather than across indicators."
FJ,rainfall-anomalies,Rainfall anomalies,climate_signal,2025,1.3,1.3,MM,9.090909090909092,1.0,ac8519c8a3f192d98bf89c94452be5e948f1b0ba71f759527223f8c87ca584ac,21,0.0909,bottom_quartile,score_input,22,False,False,not_outlier,not flagged,dataset_iqr_1_5x_on_scoring_value,5.625,13.55,7.925000000000001,-6.262500000000001,25.4375,"Outliers are flagged within each dataset using 1.5x IQR fences on scoring_value; units and denominators differ across datasets, so compare within an indicator rather than across indicators."
VU,rainfall-anomalies,Rainfall anomalies,climate_signal,2025,-0.3,0.3,MM,4.545454545454546,1.0,57b49b1600c7bebc4065a22e51b8d4bec8a0c854f494752a9cb661d26aa9aeee,22,0.0455,bottom_quartile,score_input,22,False,False,not_outlier,not flagged,dataset_iqr_1_5x_on_scoring_value,5.625,13.55,7.925000000000001,-6.262500000000001,25.4375,"Outliers are flagged within each dataset using 1.5x IQR fences on scoring_value; units and denominators differ across datasets, so compare within an indicator rather than across indicators."
VU,sea-level-anomalies,Sea level anomalies,climate_signal,2023,0.2,0.2,METER,100.0,1.0,3bf1c4d33a54bf29f51031005c12c154655714056dae1932cba5a2add13983cd,1,1.0,top_quartile,score_input,21,True,False,high,high scoring-value outlier,dataset_iqr_1_5x_on_scoring_value,0.1,0.1,0.0,0.1,0.1,"Outliers are flagged within each dataset using 1.5x IQR fences on scoring_value; units and denominators differ across datasets, so compare within an indicator rather than across indicators."
AS,sea-level-anomalies,Sea level anomalies,climate_signal,2023,0.1,0.1,METER,50.0,1.0,75204c1a72656b97edd741d471ee31c1f513eb21344e97820e83433cfa37b328,2,0.9524,top_quartile,score_input,21,False,False,not_outlier,not flagged,dataset_iqr_1_5x_on_scoring_value,0.1,0.1,0.0,0.1,0.1,"Outliers are flagged within each dataset using 1.5x IQR fences on scoring_value; units and denominators differ across datasets, so compare within an indicator rather than across indicators."
CK,sea-level-anomalies,Sea level anomalies,climate_signal,2023,0.1,0.1,METER,50.0,1.0,5263be9297ceebb84f8b705529f89a35fc53a269fa72ab798a0e3872433129b3,2,0.9524,top_quartile,score_input,21,False,False,not_outlier,not flagged,dataset_iqr_1_5x_on_scoring_value,0.1,0.1,0.0,0.1,0.1,"Outliers are flagged within each dataset using 1.5x IQR fences on scoring_value; units and denominators differ across datasets, so compare within an indicator rather than across indicators."
FJ,sea-level-anomalies,Sea level anomalies,climate_signal,2023,0.1,0.1,METER,50.0,1.0,4c769ee40099a7f9c6814c73a86a3b6472675e516bbd5013ad50fe2e030b864a,2,0.9524,top_quartile,score_input,21,False,False,not_outlier,not flagged,dataset_iqr_1_5x_on_scoring_value,0.1,0.1,0.0,0.1,0.1,"Outliers are flagged within each dataset using 1.5x IQR fences on scoring_value; units and denominators differ across datasets, so compare within an indicator rather than across indicators."
FM,sea-level-anomalies,Sea level anomalies,climate_signal,2023,0.1,0.1,METER,50.0,1.0,7620e4a101f3640e31af1d07113272039b656e3e0ce4a8fe056f017536c3ca82,2,0.9524,top_quartile,score_input,21,False,False,not_outlier,not flagged,dataset_iqr_1_5x_on_scoring_value,0.1,0.1,0.0,0.1,0.1,"Outliers are flagged within each dataset using 1.5x IQR fences on scoring_value; units and denominators differ across datasets, so compare within an indicator rather than across indicators."
GU,sea-level-anomalies,Sea level anomalies,climate_signal,2023,0.1,0.1,METER,50.0,1.0,8425e9b0276f951e59dab12932cb114efb3bfbba752d9d6be8ed8c3e6f103cd7,2,0.9524,top_quartile,score_input,21,False,False,not_outlier,not flagged,dataset_iqr_1_5x_on_scoring_value,0.1,0.1,0.0,0.1,0.1,"Outliers are flagged within each dataset using 1.5x IQR fences on scoring_value; units and denominators differ across datasets, so compare within an indicator rather than across indicators."
KI,sea-level-anomalies,Sea level anomalies,climate_signal,2023,0.1,0.1,METER,50.0,1.0,a91930510f9937fcbbf2ce95f8a439c603bbe7164cf1eac6e7c9196d51272325,2,0.9524,top_quartile,score_input,21,False,False,not_outlier,not flagged,dataset_iqr_1_5x_on_scoring_value,0.1,0.1,0.0,0.1,0.1,"Outliers are flagged within each dataset using 1.5x IQR fences on scoring_value; units and denominators differ across datasets, so compare within an indicator rather than across indicators."
MH,sea-level-anomalies,Sea level anomalies,climate_signal,2023,0.1,0.1,METER,50.0,1.0,9ffd400fea138abe16de3ecadb18eba58524024e4c0dd7a257df807b186062c8,2,0.9524,top_quartile,score_input,21,False,False,not_outlier,not flagged,dataset_iqr_1_5x_on_scoring_value,0.1,0.1,0.0,0.1,0.1,"Outliers are flagged within each dataset using 1.5x IQR fences on scoring_value; units and denominators differ across datasets, so compare within an indicator rather than across indicators."
MP,sea-level-anomalies,Sea level anomalies,climate_signal,2023,0.1,0.1,METER,50.0,1.0,ebc241a61fd7d364bd7bd42e5a0468c8d4d238a6ee135ab51e6b6d18974fd50e,2,0.9524,top_quartile,score_input,21,False,False,not_outlier,not flagged,dataset_iqr_1_5x_on_scoring_value,0.1,0.1,0.0,0.1,0.1,"Outliers are flagged within each dataset using 1.5x IQR fences on scoring_value; units and denominators differ across datasets, so compare within an indicator rather than across indicators."
NC,sea-level-anomalies,Sea level anomalies,climate_signal,2023,0.1,0.1,METER,50.0,1.0,6c9785108379376bf6879e3aa59f5892e505670db723e318727f079afc5a22d6,2,0.9524,top_quartile,score_input,21,False,False,not_outlier,not flagged,dataset_iqr_1_5x_on_scoring_value,0.1,0.1,0.0,0.1,0.1,"Outliers are flagged within each dataset using 1.5x IQR fences on scoring_value; units and denominators differ across datasets, so compare within an indicator rather than across indicators."
NR,sea-level-anomalies,Sea level anomalies,climate_signal,2023,0.1,0.1,METER,50.0,1.0,8088e5b3eaac6eb4f151b782f5595b779ff86fd3127589766906979b13145426,2,0.9524,top_quartile,score_input,21,False,False,not_outlier,not flagged,dataset_iqr_1_5x_on_scoring_value,0.1,0.1,0.0,0.1,0.1,"Outliers are flagged within each dataset using 1.5x IQR fences on scoring_value; units and denominators differ across datasets, so compare within an indicator rather than across indicators."
NU,sea-level-anomalies,Sea level anomalies,climate_signal,2023,0.1,0.1,METER,50.0,1.0,2dbe0abbce30a7e7715a3020137e939956c069ef617f573412cbb89dee8c3c54,2,0.9524,top_quartile,score_input,21,False,False,not_outlier,not flagged,dataset_iqr_1_5x_on_scoring_value,0.1,0.1,0.0,0.1,0.1,"Outliers are flagged within each dataset using 1.5x IQR fences on scoring_value; units and denominators differ across datasets, so compare within an indicator rather than across indicators."
PF,sea-level-anomalies,Sea level anomalies,climate_signal,2023,0.1,0.1,METER,50.0,1.0,a6134adcfd0e02ffb5eb25ddcdea199bf5de198d18a267bb503bae17858cd13e,2,0.9524,top_quartile,score_input,21,False,False,not_outlier,not flagged,dataset_iqr_1_5x_on_scoring_value,0.1,0.1,0.0,0.1,0.1,"Outliers are flagged within each dataset using 1.5x IQR fences on scoring_value; units and denominators differ across datasets, so compare within an indicator rather than across indicators."
PG,sea-level-anomalies,Sea level anomalies,climate_signal,2023,0.1,0.1,METER,50.0,1.0,eee0d137cf1004ebe5478668fd2a7afea47abc7c0a0d35c34cdb8d08b8462736,2,0.9524,top_quartile,score_input,21,False,False,not_outlier,not flagged,dataset_iqr_1_5x_on_scoring_value,0.1,0.1,0.0,0.1,0.1,"Outliers are flagged within each dataset using 1.5x IQR fences on scoring_value; units and denominators differ across datasets, so compare within an indicator rather than across indicators."
PW,sea-level-anomalies,Sea level anomalies,climate_signal,2023,0.1,0.1,METER,50.0,1.0,7323fcd3e9be81e1a88914b96bf3ea046cb1ae5985aa0f5c5f4cd0e7cde6c2b5,2,0.9524,top_quartile,score_input,21,False,False,not_outlier,not flagged,dataset_iqr_1_5x_on_scoring_value,0.1,0.1,0.0,0.1,0.1,"Outliers are flagged within each dataset using 1.5x IQR fences on scoring_value; units and denominators differ across datasets, so compare within an indicator rather than across indicators."
SB,sea-level-anomalies,Sea level anomalies,climate_signal,2023,0.1,0.1,METER,50.0,1.0,d6a905cfdc2af085317af65e738c714ef901f03b72ff6dbb310263a74687782a,2,0.9524,top_quartile,score_input,21,False,False,not_outlier,not flagged,dataset_iqr_1_5x_on_scoring_value,0.1,0.1,0.0,0.1,0.1,"Outliers are flagged within each dataset using 1.5x IQR fences on scoring_value; units and denominators differ across datasets, so compare within an indicator rather than across indicators."
TK,sea-level-anomalies,Sea level anomalies,climate_signal,2023,0.1,0.1,METER,50.0,1.0,1273051b0e77354184ebf4c1eb56f8e1e9f2118d4ef58337624943e303727064,2,0.9524,top_quartile,score_input,21,False,False,not_outlier,not flagged,dataset_iqr_1_5x_on_scoring_value,0.1,0.1,0.0,0.1,0.1,"Outliers are flagged within each dataset using 1.5x IQR fences on scoring_value; units and denominators differ across datasets, so compare within an indicator rather than across indicators."
TO,sea-level-anomalies,Sea level anomalies,climate_signal,2023,0.1,0.1,METER,50.0,1.0,5ac93343644f2f94928cced887976bd8d99694d5e02ff90b2b634af8661e47d2,2,0.9524,top_quartile,score_input,21,False,False,not_outlier,not flagged,dataset_iqr_1_5x_on_scoring_value,0.1,0.1,0.0,0.1,0.1,"Outliers are flagged within each dataset using 1.5x IQR fences on scoring_value; units and denominators differ across datasets, so compare within an indicator rather than across indicators."
TV,sea-level-anomalies,Sea level anomalies,climate_signal,2023,0.1,0.1,METER,50.0,1.0,dcb0ef8f11c1acdc0a9cc0c1c7313ae098765f61898b4b06f32ebd921e4c7826,2,0.9524,top_quartile,score_input,21,False,False,not_outlier,not flagged,dataset_iqr_1_5x_on_scoring_value,0.1,0.1,0.0,0.1,0.1,"Outliers are flagged within each dataset using 1.5x IQR fences on scoring_value; units and denominators differ across datasets, so compare within an indicator rather than across indicators."
WF,sea-level-anomalies,Sea level anomalies,climate_signal,2023,0.1,0.1,METER,50.0,1.0,0f30550d268891851d91e0ec8502daf4d327fbf03a9f4256d3d20729ffc418d4,2,0.9524,top_quartile,score_input,21,False,False,not_outlier,not flagged,dataset_iqr_1_5x_on_scoring_value,0.1,0.1,0.0,0.1,0.1,"Outliers are flagged within each dataset using 1.5x IQR fences on scoring_value; units and denominators differ across datasets, so compare within an indicator rather than across indicators."
WS,sea-level-anomalies,Sea level anomalies,climate_signal,2023,0.1,0.1,METER,50.0,1.0,fce4bc49f714dd8262cd565e9d01e32ee74b0e3dd9e5f04261c1d1cd89adf7a2,2,0.9524,top_quartile,score_input,21,False,False,not_outlier,not flagged,dataset_iqr_1_5x_on_scoring_value,0.1,0.1,0.0,0.1,0.1,"Outliers are flagged within each dataset using 1.5x IQR fences on scoring_value; units and denominators differ across datasets, so compare within an indicator rather than across indicators."
