geo_code_a,geo_code_b,jsd_distance,jsd_log_base,similarity_band,largest_component_difference,component_difference_summary,pairwise_convention,divergence_caveat
AS,CK,0.1850499893,2,different_profile,monitoring_reporting_gap,Largest normalized profile difference is monitoring_reporting_gap.,unordered_geo_code_pairs,"Similarity means official-data profiles look alike under this method; it does not mean the places share the same vulnerability, lived experience, or policy need."
AS,FJ,0.3085881674,2,highly_different_profile,monitoring_reporting_gap,Largest normalized profile difference is monitoring_reporting_gap.,unordered_geo_code_pairs,"Similarity means official-data profiles look alike under this method; it does not mean the places share the same vulnerability, lived experience, or policy need."
AS,FM,0.2895731566,2,different_profile,monitoring_reporting_gap,Largest normalized profile difference is monitoring_reporting_gap.,unordered_geo_code_pairs,"Similarity means official-data profiles look alike under this method; it does not mean the places share the same vulnerability, lived experience, or policy need."
AS,GU,0.0242361215,2,very_similar_profile,capacity,Largest normalized profile difference is capacity.,unordered_geo_code_pairs,"Similarity means official-data profiles look alike under this method; it does not mean the places share the same vulnerability, lived experience, or policy need."
AS,KI,0.2937668421,2,different_profile,monitoring_reporting_gap,Largest normalized profile difference is monitoring_reporting_gap.,unordered_geo_code_pairs,"Similarity means official-data profiles look alike under this method; it does not mean the places share the same vulnerability, lived experience, or policy need."
AS,MH,0.2924542768,2,different_profile,monitoring_reporting_gap,Largest normalized profile difference is monitoring_reporting_gap.,unordered_geo_code_pairs,"Similarity means official-data profiles look alike under this method; it does not mean the places share the same vulnerability, lived experience, or policy need."
AS,MP,0.0103861112,2,very_similar_profile,capacity,Largest normalized profile difference is capacity.,unordered_geo_code_pairs,"Similarity means official-data profiles look alike under this method; it does not mean the places share the same vulnerability, lived experience, or policy need."
AS,NC,0.2967443105,2,different_profile,monitoring_reporting_gap,Largest normalized profile difference is monitoring_reporting_gap.,unordered_geo_code_pairs,"Similarity means official-data profiles look alike under this method; it does not mean the places share the same vulnerability, lived experience, or policy need."
AS,NR,0.0906584078,2,similar_profile,missing_data,Largest normalized profile difference is missing_data.,unordered_geo_code_pairs,"Similarity means official-data profiles look alike under this method; it does not mean the places share the same vulnerability, lived experience, or policy need."
AS,NU,0.0116418039,2,very_similar_profile,monitoring_reporting_gap,Largest normalized profile difference is monitoring_reporting_gap.,unordered_geo_code_pairs,"Similarity means official-data profiles look alike under this method; it does not mean the places share the same vulnerability, lived experience, or policy need."
AS,PF,0.317535027,2,highly_different_profile,monitoring_reporting_gap,Largest normalized profile difference is monitoring_reporting_gap.,unordered_geo_code_pairs,"Similarity means official-data profiles look alike under this method; it does not mean the places share the same vulnerability, lived experience, or policy need."
AS,PG,0.2997764353,2,different_profile,monitoring_reporting_gap,Largest normalized profile difference is monitoring_reporting_gap.,unordered_geo_code_pairs,"Similarity means official-data profiles look alike under this method; it does not mean the places share the same vulnerability, lived experience, or policy need."
AS,PN,0.0522628461,2,similar_profile,missing_data,Largest normalized profile difference is missing_data.,unordered_geo_code_pairs,"Similarity means official-data profiles look alike under this method; it does not mean the places share the same vulnerability, lived experience, or policy need."
AS,PW,0.2804796611,2,different_profile,monitoring_reporting_gap,Largest normalized profile difference is monitoring_reporting_gap.,unordered_geo_code_pairs,"Similarity means official-data profiles look alike under this method; it does not mean the places share the same vulnerability, lived experience, or policy need."
AS,SB,0.2900735182,2,different_profile,monitoring_reporting_gap,Largest normalized profile difference is monitoring_reporting_gap.,unordered_geo_code_pairs,"Similarity means official-data profiles look alike under this method; it does not mean the places share the same vulnerability, lived experience, or policy need."
AS,TK,0.1932585056,2,different_profile,monitoring_reporting_gap,Largest normalized profile difference is monitoring_reporting_gap.,unordered_geo_code_pairs,"Similarity means official-data profiles look alike under this method; it does not mean the places share the same vulnerability, lived experience, or policy need."
AS,TO,0.2905312524,2,different_profile,monitoring_reporting_gap,Largest normalized profile difference is monitoring_reporting_gap.,unordered_geo_code_pairs,"Similarity means official-data profiles look alike under this method; it does not mean the places share the same vulnerability, lived experience, or policy need."
AS,TV,0.2777058663,2,different_profile,monitoring_reporting_gap,Largest normalized profile difference is monitoring_reporting_gap.,unordered_geo_code_pairs,"Similarity means official-data profiles look alike under this method; it does not mean the places share the same vulnerability, lived experience, or policy need."
AS,VU,0.2926537883,2,different_profile,monitoring_reporting_gap,Largest normalized profile difference is monitoring_reporting_gap.,unordered_geo_code_pairs,"Similarity means official-data profiles look alike under this method; it does not mean the places share the same vulnerability, lived experience, or policy need."
AS,WF,0.0180096637,2,very_similar_profile,rank_fragility,Largest normalized profile difference is rank_fragility.,unordered_geo_code_pairs,"Similarity means official-data profiles look alike under this method; it does not mean the places share the same vulnerability, lived experience, or policy need."
AS,WS,0.3038510451,2,highly_different_profile,monitoring_reporting_gap,Largest normalized profile difference is monitoring_reporting_gap.,unordered_geo_code_pairs,"Similarity means official-data profiles look alike under this method; it does not mean the places share the same vulnerability, lived experience, or policy need."
CK,FJ,0.1210232411,2,similar_profile,missing_data,Largest normalized profile difference is missing_data.,unordered_geo_code_pairs,"Similarity means official-data profiles look alike under this method; it does not mean the places share the same vulnerability, lived experience, or policy need."
CK,FM,0.1123524042,2,similar_profile,missing_data,Largest normalized profile difference is missing_data.,unordered_geo_code_pairs,"Similarity means official-data profiles look alike under this method; it does not mean the places share the same vulnerability, lived experience, or policy need."
CK,GU,0.1311188237,2,similar_profile,monitoring_reporting_gap,Largest normalized profile difference is monitoring_reporting_gap.,unordered_geo_code_pairs,"Similarity means official-data profiles look alike under this method; it does not mean the places share the same vulnerability, lived experience, or policy need."
CK,KI,0.0946773701,2,similar_profile,missing_data,Largest normalized profile difference is missing_data.,unordered_geo_code_pairs,"Similarity means official-data profiles look alike under this method; it does not mean the places share the same vulnerability, lived experience, or policy need."
CK,MH,0.0961771705,2,similar_profile,missing_data,Largest normalized profile difference is missing_data.,unordered_geo_code_pairs,"Similarity means official-data profiles look alike under this method; it does not mean the places share the same vulnerability, lived experience, or policy need."
CK,MP,0.1497200727,2,similar_profile,monitoring_reporting_gap,Largest normalized profile difference is monitoring_reporting_gap.,unordered_geo_code_pairs,"Similarity means official-data profiles look alike under this method; it does not mean the places share the same vulnerability, lived experience, or policy need."
CK,NC,0.1095670568,2,similar_profile,missing_data,Largest normalized profile difference is missing_data.,unordered_geo_code_pairs,"Similarity means official-data profiles look alike under this method; it does not mean the places share the same vulnerability, lived experience, or policy need."
CK,NR,0.2262036614,2,different_profile,monitoring_reporting_gap,Largest normalized profile difference is monitoring_reporting_gap.,unordered_geo_code_pairs,"Similarity means official-data profiles look alike under this method; it does not mean the places share the same vulnerability, lived experience, or policy need."
CK,NU,0.1271529937,2,similar_profile,monitoring_reporting_gap,Largest normalized profile difference is monitoring_reporting_gap.,unordered_geo_code_pairs,"Similarity means official-data profiles look alike under this method; it does not mean the places share the same vulnerability, lived experience, or policy need."
CK,PF,0.1394014294,2,similar_profile,missing_data,Largest normalized profile difference is missing_data.,unordered_geo_code_pairs,"Similarity means official-data profiles look alike under this method; it does not mean the places share the same vulnerability, lived experience, or policy need."
CK,PG,0.108750236,2,similar_profile,missing_data,Largest normalized profile difference is missing_data.,unordered_geo_code_pairs,"Similarity means official-data profiles look alike under this method; it does not mean the places share the same vulnerability, lived experience, or policy need."
CK,PN,0.2414124169,2,different_profile,monitoring_reporting_gap,Largest normalized profile difference is monitoring_reporting_gap.,unordered_geo_code_pairs,"Similarity means official-data profiles look alike under this method; it does not mean the places share the same vulnerability, lived experience, or policy need."
CK,PW,0.1055546784,2,similar_profile,missing_data,Largest normalized profile difference is missing_data.,unordered_geo_code_pairs,"Similarity means official-data profiles look alike under this method; it does not mean the places share the same vulnerability, lived experience, or policy need."
CK,SB,0.1010956068,2,similar_profile,missing_data,Largest normalized profile difference is missing_data.,unordered_geo_code_pairs,"Similarity means official-data profiles look alike under this method; it does not mean the places share the same vulnerability, lived experience, or policy need."
CK,TK,0.0215733985,2,very_similar_profile,capacity,Largest normalized profile difference is capacity.,unordered_geo_code_pairs,"Similarity means official-data profiles look alike under this method; it does not mean the places share the same vulnerability, lived experience, or policy need."
CK,TO,0.1051743086,2,similar_profile,missing_data,Largest normalized profile difference is missing_data.,unordered_geo_code_pairs,"Similarity means official-data profiles look alike under this method; it does not mean the places share the same vulnerability, lived experience, or policy need."
CK,TV,0.1043894362,2,similar_profile,missing_data,Largest normalized profile difference is missing_data.,unordered_geo_code_pairs,"Similarity means official-data profiles look alike under this method; it does not mean the places share the same vulnerability, lived experience, or policy need."
CK,VU,0.1122311215,2,similar_profile,missing_data,Largest normalized profile difference is missing_data.,unordered_geo_code_pairs,"Similarity means official-data profiles look alike under this method; it does not mean the places share the same vulnerability, lived experience, or policy need."
CK,WF,0.2089090688,2,different_profile,monitoring_reporting_gap,Largest normalized profile difference is monitoring_reporting_gap.,unordered_geo_code_pairs,"Similarity means official-data profiles look alike under this method; it does not mean the places share the same vulnerability, lived experience, or policy need."
CK,WS,0.1377564612,2,similar_profile,missing_data,Largest normalized profile difference is missing_data.,unordered_geo_code_pairs,"Similarity means official-data profiles look alike under this method; it does not mean the places share the same vulnerability, lived experience, or policy need."
FJ,FM,0.0070354479,2,very_similar_profile,capacity,Largest normalized profile difference is capacity.,unordered_geo_code_pairs,"Similarity means official-data profiles look alike under this method; it does not mean the places share the same vulnerability, lived experience, or policy need."
FJ,GU,0.2233255,2,different_profile,monitoring_reporting_gap,Largest normalized profile difference is monitoring_reporting_gap.,unordered_geo_code_pairs,"Similarity means official-data profiles look alike under this method; it does not mean the places share the same vulnerability, lived experience, or policy need."
FJ,KI,0.0254181873,2,very_similar_profile,rank_fragility,Largest normalized profile difference is rank_fragility.,unordered_geo_code_pairs,"Similarity means official-data profiles look alike under this method; it does not mean the places share the same vulnerability, lived experience, or policy need."
FJ,MH,0.0445634104,2,very_similar_profile,rank_fragility,Largest normalized profile difference is rank_fragility.,unordered_geo_code_pairs,"Similarity means official-data profiles look alike under this method; it does not mean the places share the same vulnerability, lived experience, or policy need."
FJ,MP,0.2481764261,2,different_profile,monitoring_reporting_gap,Largest normalized profile difference is monitoring_reporting_gap.,unordered_geo_code_pairs,"Similarity means official-data profiles look alike under this method; it does not mean the places share the same vulnerability, lived experience, or policy need."
FJ,NC,0.0021310418,2,very_similar_profile,capacity,Largest normalized profile difference is capacity.,unordered_geo_code_pairs,"Similarity means official-data profiles look alike under this method; it does not mean the places share the same vulnerability, lived experience, or policy need."
FJ,NR,0.1662115387,2,different_profile,monitoring_reporting_gap,Largest normalized profile difference is monitoring_reporting_gap.,unordered_geo_code_pairs,"Similarity means official-data profiles look alike under this method; it does not mean the places share the same vulnerability, lived experience, or policy need."
FJ,NU,0.2648971131,2,different_profile,capacity,Largest normalized profile difference is capacity.,unordered_geo_code_pairs,"Similarity means official-data profiles look alike under this method; it does not mean the places share the same vulnerability, lived experience, or policy need."
FJ,PF,0.0089267713,2,very_similar_profile,data_visibility,Largest normalized profile difference is data_visibility.,unordered_geo_code_pairs,"Similarity means official-data profiles look alike under this method; it does not mean the places share the same vulnerability, lived experience, or policy need."
FJ,PG,0.0122470872,2,very_similar_profile,rank_fragility,Largest normalized profile difference is rank_fragility.,unordered_geo_code_pairs,"Similarity means official-data profiles look alike under this method; it does not mean the places share the same vulnerability, lived experience, or policy need."
FJ,PN,0.433413332,2,highly_different_profile,missing_data,Largest normalized profile difference is missing_data.,unordered_geo_code_pairs,"Similarity means official-data profiles look alike under this method; it does not mean the places share the same vulnerability, lived experience, or policy need."
FJ,PW,0.0169025308,2,very_similar_profile,capacity,Largest normalized profile difference is capacity.,unordered_geo_code_pairs,"Similarity means official-data profiles look alike under this method; it does not mean the places share the same vulnerability, lived experience, or policy need."
FJ,SB,0.0217963111,2,very_similar_profile,rank_fragility,Largest normalized profile difference is rank_fragility.,unordered_geo_code_pairs,"Similarity means official-data profiles look alike under this method; it does not mean the places share the same vulnerability, lived experience, or policy need."
FJ,TK,0.1975771496,2,different_profile,capacity,Largest normalized profile difference is capacity.,unordered_geo_code_pairs,"Similarity means official-data profiles look alike under this method; it does not mean the places share the same vulnerability, lived experience, or policy need."
FJ,TO,0.0060146461,2,very_similar_profile,capacity,Largest normalized profile difference is capacity.,unordered_geo_code_pairs,"Similarity means official-data profiles look alike under this method; it does not mean the places share the same vulnerability, lived experience, or policy need."
FJ,TV,0.0207183402,2,very_similar_profile,capacity,Largest normalized profile difference is capacity.,unordered_geo_code_pairs,"Similarity means official-data profiles look alike under this method; it does not mean the places share the same vulnerability, lived experience, or policy need."
FJ,VU,0.0044866634,2,very_similar_profile,capacity,Largest normalized profile difference is capacity.,unordered_geo_code_pairs,"Similarity means official-data profiles look alike under this method; it does not mean the places share the same vulnerability, lived experience, or policy need."
FJ,WF,0.3707787853,2,highly_different_profile,monitoring_reporting_gap,Largest normalized profile difference is monitoring_reporting_gap.,unordered_geo_code_pairs,"Similarity means official-data profiles look alike under this method; it does not mean the places share the same vulnerability, lived experience, or policy need."
FJ,WS,0.0117790948,2,very_similar_profile,data_visibility,Largest normalized profile difference is data_visibility.,unordered_geo_code_pairs,"Similarity means official-data profiles look alike under this method; it does not mean the places share the same vulnerability, lived experience, or policy need."
FM,GU,0.2159529272,2,different_profile,monitoring_reporting_gap,Largest normalized profile difference is monitoring_reporting_gap.,unordered_geo_code_pairs,"Similarity means official-data profiles look alike under this method; it does not mean the places share the same vulnerability, lived experience, or policy need."
FM,KI,0.0196053449,2,very_similar_profile,rank_fragility,Largest normalized profile difference is rank_fragility.,unordered_geo_code_pairs,"Similarity means official-data profiles look alike under this method; it does not mean the places share the same vulnerability, lived experience, or policy need."
FM,MH,0.0313617321,2,very_similar_profile,rank_fragility,Largest normalized profile difference is rank_fragility.,unordered_geo_code_pairs,"Similarity means official-data profiles look alike under this method; it does not mean the places share the same vulnerability, lived experience, or policy need."
FM,MP,0.2333256065,2,different_profile,monitoring_reporting_gap,Largest normalized profile difference is monitoring_reporting_gap.,unordered_geo_code_pairs,"Similarity means official-data profiles look alike under this method; it does not mean the places share the same vulnerability, lived experience, or policy need."
FM,NC,0.0027570335,2,very_similar_profile,pressure,Largest normalized profile difference is pressure.,unordered_geo_code_pairs,"Similarity means official-data profiles look alike under this method; it does not mean the places share the same vulnerability, lived experience, or policy need."
FM,NR,0.1494485875,2,similar_profile,monitoring_reporting_gap,Largest normalized profile difference is monitoring_reporting_gap.,unordered_geo_code_pairs,"Similarity means official-data profiles look alike under this method; it does not mean the places share the same vulnerability, lived experience, or policy need."
FM,NU,0.245146749,2,different_profile,monitoring_reporting_gap,Largest normalized profile difference is monitoring_reporting_gap.,unordered_geo_code_pairs,"Similarity means official-data profiles look alike under this method; it does not mean the places share the same vulnerability, lived experience, or policy need."
FM,PF,0.0203038028,2,very_similar_profile,data_visibility,Largest normalized profile difference is data_visibility.,unordered_geo_code_pairs,"Similarity means official-data profiles look alike under this method; it does not mean the places share the same vulnerability, lived experience, or policy need."
FM,PG,0.0075055141,2,very_similar_profile,data_visibility,Largest normalized profile difference is data_visibility.,unordered_geo_code_pairs,"Similarity means official-data profiles look alike under this method; it does not mean the places share the same vulnerability, lived experience, or policy need."
FM,PN,0.4114402,2,highly_different_profile,missing_data,Largest normalized profile difference is missing_data.,unordered_geo_code_pairs,"Similarity means official-data profiles look alike under this method; it does not mean the places share the same vulnerability, lived experience, or policy need."
FM,PW,0.0028538923,2,very_similar_profile,capacity,Largest normalized profile difference is capacity.,unordered_geo_code_pairs,"Similarity means official-data profiles look alike under this method; it does not mean the places share the same vulnerability, lived experience, or policy need."
FM,SB,0.0101516725,2,very_similar_profile,rank_fragility,Largest normalized profile difference is rank_fragility.,unordered_geo_code_pairs,"Similarity means official-data profiles look alike under this method; it does not mean the places share the same vulnerability, lived experience, or policy need."
FM,TK,0.1763379183,2,different_profile,missing_data,Largest normalized profile difference is missing_data.,unordered_geo_code_pairs,"Similarity means official-data profiles look alike under this method; it does not mean the places share the same vulnerability, lived experience, or policy need."
FM,TO,0.0014874822,2,very_similar_profile,pressure,Largest normalized profile difference is pressure.,unordered_geo_code_pairs,"Similarity means official-data profiles look alike under this method; it does not mean the places share the same vulnerability, lived experience, or policy need."
FM,TV,0.006332299,2,very_similar_profile,capacity,Largest normalized profile difference is capacity.,unordered_geo_code_pairs,"Similarity means official-data profiles look alike under this method; it does not mean the places share the same vulnerability, lived experience, or policy need."
FM,VU,0.0003147306,2,very_similar_profile,capacity,Largest normalized profile difference is capacity.,unordered_geo_code_pairs,"Similarity means official-data profiles look alike under this method; it does not mean the places share the same vulnerability, lived experience, or policy need."
FM,WF,0.3417154684,2,highly_different_profile,monitoring_reporting_gap,Largest normalized profile difference is monitoring_reporting_gap.,unordered_geo_code_pairs,"Similarity means official-data profiles look alike under this method; it does not mean the places share the same vulnerability, lived experience, or policy need."
FM,WS,0.0125315315,2,very_similar_profile,data_visibility,Largest normalized profile difference is data_visibility.,unordered_geo_code_pairs,"Similarity means official-data profiles look alike under this method; it does not mean the places share the same vulnerability, lived experience, or policy need."
GU,KI,0.2041287086,2,different_profile,monitoring_reporting_gap,Largest normalized profile difference is monitoring_reporting_gap.,unordered_geo_code_pairs,"Similarity means official-data profiles look alike under this method; it does not mean the places share the same vulnerability, lived experience, or policy need."
GU,MH,0.2055503555,2,different_profile,monitoring_reporting_gap,Largest normalized profile difference is monitoring_reporting_gap.,unordered_geo_code_pairs,"Similarity means official-data profiles look alike under this method; it does not mean the places share the same vulnerability, lived experience, or policy need."
GU,MP,0.0055032155,2,very_similar_profile,pressure,Largest normalized profile difference is pressure.,unordered_geo_code_pairs,"Similarity means official-data profiles look alike under this method; it does not mean the places share the same vulnerability, lived experience, or policy need."
GU,NC,0.2145319115,2,different_profile,monitoring_reporting_gap,Largest normalized profile difference is monitoring_reporting_gap.,unordered_geo_code_pairs,"Similarity means official-data profiles look alike under this method; it does not mean the places share the same vulnerability, lived experience, or policy need."
GU,NR,0.0808998196,2,similar_profile,data_visibility,Largest normalized profile difference is data_visibility.,unordered_geo_code_pairs,"Similarity means official-data profiles look alike under this method; it does not mean the places share the same vulnerability, lived experience, or policy need."
GU,NU,0.0179268094,2,very_similar_profile,capacity,Largest normalized profile difference is capacity.,unordered_geo_code_pairs,"Similarity means official-data profiles look alike under this method; it does not mean the places share the same vulnerability, lived experience, or policy need."
GU,PF,0.245582596,2,different_profile,data_visibility,Largest normalized profile difference is data_visibility.,unordered_geo_code_pairs,"Similarity means official-data profiles look alike under this method; it does not mean the places share the same vulnerability, lived experience, or policy need."
GU,PG,0.2084863667,2,different_profile,monitoring_reporting_gap,Largest normalized profile difference is monitoring_reporting_gap.,unordered_geo_code_pairs,"Similarity means official-data profiles look alike under this method; it does not mean the places share the same vulnerability, lived experience, or policy need."
GU,PN,0.1067741746,2,similar_profile,missing_data,Largest normalized profile difference is missing_data.,unordered_geo_code_pairs,"Similarity means official-data profiles look alike under this method; it does not mean the places share the same vulnerability, lived experience, or policy need."
GU,PW,0.2120216956,2,different_profile,monitoring_reporting_gap,Largest normalized profile difference is monitoring_reporting_gap.,unordered_geo_code_pairs,"Similarity means official-data profiles look alike under this method; it does not mean the places share the same vulnerability, lived experience, or policy need."
GU,SB,0.2044377198,2,different_profile,monitoring_reporting_gap,Largest normalized profile difference is monitoring_reporting_gap.,unordered_geo_code_pairs,"Similarity means official-data profiles look alike under this method; it does not mean the places share the same vulnerability, lived experience, or policy need."
GU,TK,0.1591882447,2,different_profile,monitoring_reporting_gap,Largest normalized profile difference is monitoring_reporting_gap.,unordered_geo_code_pairs,"Similarity means official-data profiles look alike under this method; it does not mean the places share the same vulnerability, lived experience, or policy need."
GU,TO,0.2104385885,2,different_profile,monitoring_reporting_gap,Largest normalized profile difference is monitoring_reporting_gap.,unordered_geo_code_pairs,"Similarity means official-data profiles look alike under this method; it does not mean the places share the same vulnerability, lived experience, or policy need."
GU,TV,0.2144535597,2,different_profile,monitoring_reporting_gap,Largest normalized profile difference is monitoring_reporting_gap.,unordered_geo_code_pairs,"Similarity means official-data profiles look alike under this method; it does not mean the places share the same vulnerability, lived experience, or policy need."
GU,VU,0.2156924538,2,different_profile,monitoring_reporting_gap,Largest normalized profile difference is monitoring_reporting_gap.,unordered_geo_code_pairs,"Similarity means official-data profiles look alike under this method; it does not mean the places share the same vulnerability, lived experience, or policy need."
GU,WF,0.046912862,2,very_similar_profile,capacity,Largest normalized profile difference is capacity.,unordered_geo_code_pairs,"Similarity means official-data profiles look alike under this method; it does not mean the places share the same vulnerability, lived experience, or policy need."
GU,WS,0.2433577345,2,different_profile,data_visibility,Largest normalized profile difference is data_visibility.,unordered_geo_code_pairs,"Similarity means official-data profiles look alike under this method; it does not mean the places share the same vulnerability, lived experience, or policy need."
KI,MH,0.0032916333,2,very_similar_profile,rank_fragility,Largest normalized profile difference is rank_fragility.,unordered_geo_code_pairs,"Similarity means official-data profiles look alike under this method; it does not mean the places share the same vulnerability, lived experience, or policy need."
KI,MP,0.2353160699,2,different_profile,monitoring_reporting_gap,Largest normalized profile difference is monitoring_reporting_gap.,unordered_geo_code_pairs,"Similarity means official-data profiles look alike under this method; it does not mean the places share the same vulnerability, lived experience, or policy need."
KI,NC,0.014778184,2,very_similar_profile,rank_fragility,Largest normalized profile difference is rank_fragility.,unordered_geo_code_pairs,"Similarity means official-data profiles look alike under this method; it does not mean the places share the same vulnerability, lived experience, or policy need."
KI,NR,0.1570969102,2,different_profile,monitoring_reporting_gap,Largest normalized profile difference is monitoring_reporting_gap.,unordered_geo_code_pairs,"Similarity means official-data profiles look alike under this method; it does not mean the places share the same vulnerability, lived experience, or policy need."
KI,NU,0.2308295413,2,different_profile,monitoring_reporting_gap,Largest normalized profile difference is monitoring_reporting_gap.,unordered_geo_code_pairs,"Similarity means official-data profiles look alike under this method; it does not mean the places share the same vulnerability, lived experience, or policy need."
KI,PF,0.0476095238,2,very_similar_profile,rank_fragility,Largest normalized profile difference is rank_fragility.,unordered_geo_code_pairs,"Similarity means official-data profiles look alike under this method; it does not mean the places share the same vulnerability, lived experience, or policy need."
KI,PG,0.0122424813,2,very_similar_profile,data_visibility,Largest normalized profile difference is data_visibility.,unordered_geo_code_pairs,"Similarity means official-data profiles look alike under this method; it does not mean the places share the same vulnerability, lived experience, or policy need."
KI,PN,0.4422783796,2,highly_different_profile,missing_data,Largest normalized profile difference is missing_data.,unordered_geo_code_pairs,"Similarity means official-data profiles look alike under this method; it does not mean the places share the same vulnerability, lived experience, or policy need."
KI,PW,0.0146825726,2,very_similar_profile,pressure,Largest normalized profile difference is pressure.,unordered_geo_code_pairs,"Similarity means official-data profiles look alike under this method; it does not mean the places share the same vulnerability, lived experience, or policy need."
KI,SB,0.0065378306,2,very_similar_profile,pressure,Largest normalized profile difference is pressure.,unordered_geo_code_pairs,"Similarity means official-data profiles look alike under this method; it does not mean the places share the same vulnerability, lived experience, or policy need."
KI,TK,0.134072769,2,similar_profile,missing_data,Largest normalized profile difference is missing_data.,unordered_geo_code_pairs,"Similarity means official-data profiles look alike under this method; it does not mean the places share the same vulnerability, lived experience, or policy need."
KI,TO,0.0110226229,2,very_similar_profile,rank_fragility,Largest normalized profile difference is rank_fragility.,unordered_geo_code_pairs,"Similarity means official-data profiles look alike under this method; it does not mean the places share the same vulnerability, lived experience, or policy need."
KI,TV,0.0151547018,2,very_similar_profile,rank_fragility,Largest normalized profile difference is rank_fragility.,unordered_geo_code_pairs,"Similarity means official-data profiles look alike under this method; it does not mean the places share the same vulnerability, lived experience, or policy need."
KI,VU,0.018593317,2,very_similar_profile,rank_fragility,Largest normalized profile difference is rank_fragility.,unordered_geo_code_pairs,"Similarity means official-data profiles look alike under this method; it does not mean the places share the same vulnerability, lived experience, or policy need."
KI,WF,0.3220194768,2,highly_different_profile,monitoring_reporting_gap,Largest normalized profile difference is monitoring_reporting_gap.,unordered_geo_code_pairs,"Similarity means official-data profiles look alike under this method; it does not mean the places share the same vulnerability, lived experience, or policy need."
KI,WS,0.0483681513,2,very_similar_profile,rank_fragility,Largest normalized profile difference is rank_fragility.,unordered_geo_code_pairs,"Similarity means official-data profiles look alike under this method; it does not mean the places share the same vulnerability, lived experience, or policy need."
MH,MP,0.2354019512,2,different_profile,monitoring_reporting_gap,Largest normalized profile difference is monitoring_reporting_gap.,unordered_geo_code_pairs,"Similarity means official-data profiles look alike under this method; it does not mean the places share the same vulnerability, lived experience, or policy need."
MH,NC,0.0291854664,2,very_similar_profile,rank_fragility,Largest normalized profile difference is rank_fragility.,unordered_geo_code_pairs,"Similarity means official-data profiles look alike under this method; it does not mean the places share the same vulnerability, lived experience, or policy need."
MH,NR,0.1604600132,2,different_profile,monitoring_reporting_gap,Largest normalized profile difference is monitoring_reporting_gap.,unordered_geo_code_pairs,"Similarity means official-data profiles look alike under this method; it does not mean the places share the same vulnerability, lived experience, or policy need."
MH,NU,0.2258243292,2,different_profile,monitoring_reporting_gap,Largest normalized profile difference is monitoring_reporting_gap.,unordered_geo_code_pairs,"Similarity means official-data profiles look alike under this method; it does not mean the places share the same vulnerability, lived experience, or policy need."
MH,PF,0.072631478,2,similar_profile,rank_fragility,Largest normalized profile difference is rank_fragility.,unordered_geo_code_pairs,"Similarity means official-data profiles look alike under this method; it does not mean the places share the same vulnerability, lived experience, or policy need."
MH,PG,0.0203630934,2,very_similar_profile,rank_fragility,Largest normalized profile difference is rank_fragility.,unordered_geo_code_pairs,"Similarity means official-data profiles look alike under this method; it does not mean the places share the same vulnerability, lived experience, or policy need."
MH,PN,0.4426796681,2,highly_different_profile,missing_data,Largest normalized profile difference is missing_data.,unordered_geo_code_pairs,"Similarity means official-data profiles look alike under this method; it does not mean the places share the same vulnerability, lived experience, or policy need."
MH,PW,0.0210388602,2,very_similar_profile,rank_fragility,Largest normalized profile difference is rank_fragility.,unordered_geo_code_pairs,"Similarity means official-data profiles look alike under this method; it does not mean the places share the same vulnerability, lived experience, or policy need."
MH,SB,0.0092866979,2,very_similar_profile,rank_fragility,Largest normalized profile difference is rank_fragility.,unordered_geo_code_pairs,"Similarity means official-data profiles look alike under this method; it does not mean the places share the same vulnerability, lived experience, or policy need."
MH,TK,0.1230103305,2,similar_profile,missing_data,Largest normalized profile difference is missing_data.,unordered_geo_code_pairs,"Similarity means official-data profiles look alike under this method; it does not mean the places share the same vulnerability, lived experience, or policy need."
MH,TO,0.0218744162,2,very_similar_profile,rank_fragility,Largest normalized profile difference is rank_fragility.,unordered_geo_code_pairs,"Similarity means official-data profiles look alike under this method; it does not mean the places share the same vulnerability, lived experience, or policy need."
MH,TV,0.0214041956,2,very_similar_profile,rank_fragility,Largest normalized profile difference is rank_fragility.,unordered_geo_code_pairs,"Similarity means official-data profiles look alike under this method; it does not mean the places share the same vulnerability, lived experience, or policy need."
MH,VU,0.0315796876,2,very_similar_profile,rank_fragility,Largest normalized profile difference is rank_fragility.,unordered_geo_code_pairs,"Similarity means official-data profiles look alike under this method; it does not mean the places share the same vulnerability, lived experience, or policy need."
MH,WF,0.308533414,2,highly_different_profile,monitoring_reporting_gap,Largest normalized profile difference is monitoring_reporting_gap.,unordered_geo_code_pairs,"Similarity means official-data profiles look alike under this method; it does not mean the places share the same vulnerability, lived experience, or policy need."
MH,WS,0.0694061758,2,similar_profile,rank_fragility,Largest normalized profile difference is rank_fragility.,unordered_geo_code_pairs,"Similarity means official-data profiles look alike under this method; it does not mean the places share the same vulnerability, lived experience, or policy need."
MP,NC,0.238391429,2,different_profile,monitoring_reporting_gap,Largest normalized profile difference is monitoring_reporting_gap.,unordered_geo_code_pairs,"Similarity means official-data profiles look alike under this method; it does not mean the places share the same vulnerability, lived experience, or policy need."
MP,NR,0.0797402573,2,similar_profile,data_visibility,Largest normalized profile difference is data_visibility.,unordered_geo_code_pairs,"Similarity means official-data profiles look alike under this method; it does not mean the places share the same vulnerability, lived experience, or policy need."
MP,NU,0.0143512187,2,very_similar_profile,data_visibility,Largest normalized profile difference is data_visibility.,unordered_geo_code_pairs,"Similarity means official-data profiles look alike under this method; it does not mean the places share the same vulnerability, lived experience, or policy need."
MP,PF,0.2681798344,2,different_profile,monitoring_reporting_gap,Largest normalized profile difference is monitoring_reporting_gap.,unordered_geo_code_pairs,"Similarity means official-data profiles look alike under this method; it does not mean the places share the same vulnerability, lived experience, or policy need."
MP,PG,0.2328421501,2,different_profile,monitoring_reporting_gap,Largest normalized profile difference is monitoring_reporting_gap.,unordered_geo_code_pairs,"Similarity means official-data profiles look alike under this method; it does not mean the places share the same vulnerability, lived experience, or policy need."
MP,PN,0.0753911652,2,similar_profile,missing_data,Largest normalized profile difference is missing_data.,unordered_geo_code_pairs,"Similarity means official-data profiles look alike under this method; it does not mean the places share the same vulnerability, lived experience, or policy need."
MP,PW,0.2281454145,2,different_profile,monitoring_reporting_gap,Largest normalized profile difference is monitoring_reporting_gap.,unordered_geo_code_pairs,"Similarity means official-data profiles look alike under this method; it does not mean the places share the same vulnerability, lived experience, or policy need."
MP,SB,0.2277510156,2,different_profile,monitoring_reporting_gap,Largest normalized profile difference is monitoring_reporting_gap.,unordered_geo_code_pairs,"Similarity means official-data profiles look alike under this method; it does not mean the places share the same vulnerability, lived experience, or policy need."
MP,TK,0.1758425401,2,different_profile,monitoring_reporting_gap,Largest normalized profile difference is monitoring_reporting_gap.,unordered_geo_code_pairs,"Similarity means official-data profiles look alike under this method; it does not mean the places share the same vulnerability, lived experience, or policy need."
MP,TO,0.2326094817,2,different_profile,monitoring_reporting_gap,Largest normalized profile difference is monitoring_reporting_gap.,unordered_geo_code_pairs,"Similarity means official-data profiles look alike under this method; it does not mean the places share the same vulnerability, lived experience, or policy need."
MP,TV,0.2307970345,2,different_profile,monitoring_reporting_gap,Largest normalized profile difference is monitoring_reporting_gap.,unordered_geo_code_pairs,"Similarity means official-data profiles look alike under this method; it does not mean the places share the same vulnerability, lived experience, or policy need."
MP,VU,0.2350345633,2,different_profile,monitoring_reporting_gap,Largest normalized profile difference is monitoring_reporting_gap.,unordered_geo_code_pairs,"Similarity means official-data profiles look alike under this method; it does not mean the places share the same vulnerability, lived experience, or policy need."
MP,WF,0.0339408025,2,very_similar_profile,capacity,Largest normalized profile difference is capacity.,unordered_geo_code_pairs,"Similarity means official-data profiles look alike under this method; it does not mean the places share the same vulnerability, lived experience, or policy need."
MP,WS,0.2576619263,2,different_profile,monitoring_reporting_gap,Largest normalized profile difference is monitoring_reporting_gap.,unordered_geo_code_pairs,"Similarity means official-data profiles look alike under this method; it does not mean the places share the same vulnerability, lived experience, or policy need."
NC,NR,0.1549299681,2,different_profile,monitoring_reporting_gap,Largest normalized profile difference is monitoring_reporting_gap.,unordered_geo_code_pairs,"Similarity means official-data profiles look alike under this method; it does not mean the places share the same vulnerability, lived experience, or policy need."
NC,NU,0.2490262007,2,different_profile,monitoring_reporting_gap,Largest normalized profile difference is monitoring_reporting_gap.,unordered_geo_code_pairs,"Similarity means official-data profiles look alike under this method; it does not mean the places share the same vulnerability, lived experience, or policy need."
NC,PF,0.0137958947,2,very_similar_profile,data_visibility,Largest normalized profile difference is data_visibility.,unordered_geo_code_pairs,"Similarity means official-data profiles look alike under this method; it does not mean the places share the same vulnerability, lived experience, or policy need."
NC,PG,0.007240062,2,very_similar_profile,data_visibility,Largest normalized profile difference is data_visibility.,unordered_geo_code_pairs,"Similarity means official-data profiles look alike under this method; it does not mean the places share the same vulnerability, lived experience, or policy need."
NC,PN,0.4260277152,2,highly_different_profile,missing_data,Largest normalized profile difference is missing_data.,unordered_geo_code_pairs,"Similarity means official-data profiles look alike under this method; it does not mean the places share the same vulnerability, lived experience, or policy need."
NC,PW,0.0077883429,2,very_similar_profile,capacity,Largest normalized profile difference is capacity.,unordered_geo_code_pairs,"Similarity means official-data profiles look alike under this method; it does not mean the places share the same vulnerability, lived experience, or policy need."
NC,SB,0.0118382342,2,very_similar_profile,rank_fragility,Largest normalized profile difference is rank_fragility.,unordered_geo_code_pairs,"Similarity means official-data profiles look alike under this method; it does not mean the places share the same vulnerability, lived experience, or policy need."
NC,TK,0.1755361069,2,different_profile,capacity,Largest normalized profile difference is capacity.,unordered_geo_code_pairs,"Similarity means official-data profiles look alike under this method; it does not mean the places share the same vulnerability, lived experience, or policy need."
NC,TO,0.0011077586,2,very_similar_profile,capacity,Largest normalized profile difference is capacity.,unordered_geo_code_pairs,"Similarity means official-data profiles look alike under this method; it does not mean the places share the same vulnerability, lived experience, or policy need."
NC,TV,0.0104434956,2,very_similar_profile,capacity,Largest normalized profile difference is capacity.,unordered_geo_code_pairs,"Similarity means official-data profiles look alike under this method; it does not mean the places share the same vulnerability, lived experience, or policy need."
NC,VU,0.0013396554,2,very_similar_profile,pressure,Largest normalized profile difference is pressure.,unordered_geo_code_pairs,"Similarity means official-data profiles look alike under this method; it does not mean the places share the same vulnerability, lived experience, or policy need."
NC,WF,0.3503938941,2,highly_different_profile,monitoring_reporting_gap,Largest normalized profile difference is monitoring_reporting_gap.,unordered_geo_code_pairs,"Similarity means official-data profiles look alike under this method; it does not mean the places share the same vulnerability, lived experience, or policy need."
NC,WS,0.0132247025,2,very_similar_profile,rank_fragility,Largest normalized profile difference is rank_fragility.,unordered_geo_code_pairs,"Similarity means official-data profiles look alike under this method; it does not mean the places share the same vulnerability, lived experience, or policy need."
NR,NU,0.0894959537,2,similar_profile,missing_data,Largest normalized profile difference is missing_data.,unordered_geo_code_pairs,"Similarity means official-data profiles look alike under this method; it does not mean the places share the same vulnerability, lived experience, or policy need."
NR,PF,0.1698495736,2,different_profile,monitoring_reporting_gap,Largest normalized profile difference is monitoring_reporting_gap.,unordered_geo_code_pairs,"Similarity means official-data profiles look alike under this method; it does not mean the places share the same vulnerability, lived experience, or policy need."
NR,PG,0.1651772166,2,different_profile,monitoring_reporting_gap,Largest normalized profile difference is monitoring_reporting_gap.,unordered_geo_code_pairs,"Similarity means official-data profiles look alike under this method; it does not mean the places share the same vulnerability, lived experience, or policy need."
NR,PN,0.2282796705,2,different_profile,missing_data,Largest normalized profile difference is missing_data.,unordered_geo_code_pairs,"Similarity means official-data profiles look alike under this method; it does not mean the places share the same vulnerability, lived experience, or policy need."
NR,PW,0.1418444989,2,similar_profile,monitoring_reporting_gap,Largest normalized profile difference is monitoring_reporting_gap.,unordered_geo_code_pairs,"Similarity means official-data profiles look alike under this method; it does not mean the places share the same vulnerability, lived experience, or policy need."
NR,SB,0.1563659602,2,different_profile,monitoring_reporting_gap,Largest normalized profile difference is monitoring_reporting_gap.,unordered_geo_code_pairs,"Similarity means official-data profiles look alike under this method; it does not mean the places share the same vulnerability, lived experience, or policy need."
NR,TK,0.2527520591,2,different_profile,monitoring_reporting_gap,Largest normalized profile difference is monitoring_reporting_gap.,unordered_geo_code_pairs,"Similarity means official-data profiles look alike under this method; it does not mean the places share the same vulnerability, lived experience, or policy need."
NR,TO,0.1503288304,2,different_profile,monitoring_reporting_gap,Largest normalized profile difference is monitoring_reporting_gap.,unordered_geo_code_pairs,"Similarity means official-data profiles look alike under this method; it does not mean the places share the same vulnerability, lived experience, or policy need."
NR,TV,0.1372264346,2,similar_profile,monitoring_reporting_gap,Largest normalized profile difference is monitoring_reporting_gap.,unordered_geo_code_pairs,"Similarity means official-data profiles look alike under this method; it does not mean the places share the same vulnerability, lived experience, or policy need."
NR,VU,0.1520835958,2,different_profile,monitoring_reporting_gap,Largest normalized profile difference is monitoring_reporting_gap.,unordered_geo_code_pairs,"Similarity means official-data profiles look alike under this method; it does not mean the places share the same vulnerability, lived experience, or policy need."
NR,WF,0.1226417915,2,similar_profile,missing_data,Largest normalized profile difference is missing_data.,unordered_geo_code_pairs,"Similarity means official-data profiles look alike under this method; it does not mean the places share the same vulnerability, lived experience, or policy need."
NR,WS,0.1575946727,2,different_profile,monitoring_reporting_gap,Largest normalized profile difference is monitoring_reporting_gap.,unordered_geo_code_pairs,"Similarity means official-data profiles look alike under this method; it does not mean the places share the same vulnerability, lived experience, or policy need."
NU,PF,0.2780725866,2,different_profile,capacity,Largest normalized profile difference is capacity.,unordered_geo_code_pairs,"Similarity means official-data profiles look alike under this method; it does not mean the places share the same vulnerability, lived experience, or policy need."
NU,PG,0.2497172047,2,different_profile,monitoring_reporting_gap,Largest normalized profile difference is monitoring_reporting_gap.,unordered_geo_code_pairs,"Similarity means official-data profiles look alike under this method; it does not mean the places share the same vulnerability, lived experience, or policy need."
NU,PN,0.0776281646,2,similar_profile,missing_data,Largest normalized profile difference is missing_data.,unordered_geo_code_pairs,"Similarity means official-data profiles look alike under this method; it does not mean the places share the same vulnerability, lived experience, or policy need."
NU,PW,0.2315422854,2,different_profile,monitoring_reporting_gap,Largest normalized profile difference is monitoring_reporting_gap.,unordered_geo_code_pairs,"Similarity means official-data profiles look alike under this method; it does not mean the places share the same vulnerability, lived experience, or policy need."
NU,SB,0.2351911657,2,different_profile,monitoring_reporting_gap,Largest normalized profile difference is monitoring_reporting_gap.,unordered_geo_code_pairs,"Similarity means official-data profiles look alike under this method; it does not mean the places share the same vulnerability, lived experience, or policy need."
NU,TK,0.1241427199,2,similar_profile,monitoring_reporting_gap,Largest normalized profile difference is monitoring_reporting_gap.,unordered_geo_code_pairs,"Similarity means official-data profiles look alike under this method; it does not mean the places share the same vulnerability, lived experience, or policy need."
NU,TO,0.2412827457,2,different_profile,monitoring_reporting_gap,Largest normalized profile difference is monitoring_reporting_gap.,unordered_geo_code_pairs,"Similarity means official-data profiles look alike under this method; it does not mean the places share the same vulnerability, lived experience, or policy need."
NU,TV,0.2267029448,2,different_profile,monitoring_reporting_gap,Largest normalized profile difference is monitoring_reporting_gap.,unordered_geo_code_pairs,"Similarity means official-data profiles look alike under this method; it does not mean the places share the same vulnerability, lived experience, or policy need."
NU,VU,0.2478162817,2,different_profile,monitoring_reporting_gap,Largest normalized profile difference is monitoring_reporting_gap.,unordered_geo_code_pairs,"Similarity means official-data profiles look alike under this method; it does not mean the places share the same vulnerability, lived experience, or policy need."
NU,WF,0.0191938425,2,very_similar_profile,monitoring_reporting_gap,Largest normalized profile difference is monitoring_reporting_gap.,unordered_geo_code_pairs,"Similarity means official-data profiles look alike under this method; it does not mean the places share the same vulnerability, lived experience, or policy need."
NU,WS,0.2676805633,2,different_profile,monitoring_reporting_gap,Largest normalized profile difference is monitoring_reporting_gap.,unordered_geo_code_pairs,"Similarity means official-data profiles look alike under this method; it does not mean the places share the same vulnerability, lived experience, or policy need."
PF,PG,0.0394552526,2,very_similar_profile,data_visibility,Largest normalized profile difference is data_visibility.,unordered_geo_code_pairs,"Similarity means official-data profiles look alike under this method; it does not mean the places share the same vulnerability, lived experience, or policy need."
PF,PN,0.4380257972,2,highly_different_profile,missing_data,Largest normalized profile difference is missing_data.,unordered_geo_code_pairs,"Similarity means official-data profiles look alike under this method; it does not mean the places share the same vulnerability, lived experience, or policy need."
PF,PW,0.0321438498,2,very_similar_profile,rank_fragility,Largest normalized profile difference is rank_fragility.,unordered_geo_code_pairs,"Similarity means official-data profiles look alike under this method; it does not mean the places share the same vulnerability, lived experience, or policy need."
PF,SB,0.0498691199,2,very_similar_profile,rank_fragility,Largest normalized profile difference is rank_fragility.,unordered_geo_code_pairs,"Similarity means official-data profiles look alike under this method; it does not mean the places share the same vulnerability, lived experience, or policy need."
PF,TK,0.2162324329,2,different_profile,capacity,Largest normalized profile difference is capacity.,unordered_geo_code_pairs,"Similarity means official-data profiles look alike under this method; it does not mean the places share the same vulnerability, lived experience, or policy need."
PF,TO,0.0211768956,2,very_similar_profile,rank_fragility,Largest normalized profile difference is rank_fragility.,unordered_geo_code_pairs,"Similarity means official-data profiles look alike under this method; it does not mean the places share the same vulnerability, lived experience, or policy need."
PF,TV,0.0305250004,2,very_similar_profile,capacity,Largest normalized profile difference is capacity.,unordered_geo_code_pairs,"Similarity means official-data profiles look alike under this method; it does not mean the places share the same vulnerability, lived experience, or policy need."
PF,VU,0.0175735107,2,very_similar_profile,data_visibility,Largest normalized profile difference is data_visibility.,unordered_geo_code_pairs,"Similarity means official-data profiles look alike under this method; it does not mean the places share the same vulnerability, lived experience, or policy need."
PF,WF,0.3924532552,2,highly_different_profile,monitoring_reporting_gap,Largest normalized profile difference is monitoring_reporting_gap.,unordered_geo_code_pairs,"Similarity means official-data profiles look alike under this method; it does not mean the places share the same vulnerability, lived experience, or policy need."
PF,WS,0.0047871488,2,very_similar_profile,pressure,Largest normalized profile difference is pressure.,unordered_geo_code_pairs,"Similarity means official-data profiles look alike under this method; it does not mean the places share the same vulnerability, lived experience, or policy need."
PG,PN,0.4286466643,2,highly_different_profile,missing_data,Largest normalized profile difference is missing_data.,unordered_geo_code_pairs,"Similarity means official-data profiles look alike under this method; it does not mean the places share the same vulnerability, lived experience, or policy need."
PG,PW,0.0101765523,2,very_similar_profile,data_visibility,Largest normalized profile difference is data_visibility.,unordered_geo_code_pairs,"Similarity means official-data profiles look alike under this method; it does not mean the places share the same vulnerability, lived experience, or policy need."
PG,SB,0.003136369,2,very_similar_profile,capacity,Largest normalized profile difference is capacity.,unordered_geo_code_pairs,"Similarity means official-data profiles look alike under this method; it does not mean the places share the same vulnerability, lived experience, or policy need."
PG,TK,0.1727700502,2,different_profile,capacity,Largest normalized profile difference is capacity.,unordered_geo_code_pairs,"Similarity means official-data profiles look alike under this method; it does not mean the places share the same vulnerability, lived experience, or policy need."
PG,TO,0.0047244351,2,very_similar_profile,data_visibility,Largest normalized profile difference is data_visibility.,unordered_geo_code_pairs,"Similarity means official-data profiles look alike under this method; it does not mean the places share the same vulnerability, lived experience, or policy need."
PG,TV,0.0177046155,2,very_similar_profile,data_visibility,Largest normalized profile difference is data_visibility.,unordered_geo_code_pairs,"Similarity means official-data profiles look alike under this method; it does not mean the places share the same vulnerability, lived experience, or policy need."
PG,VU,0.006608672,2,very_similar_profile,data_visibility,Largest normalized profile difference is data_visibility.,unordered_geo_code_pairs,"Similarity means official-data profiles look alike under this method; it does not mean the places share the same vulnerability, lived experience, or policy need."
PG,WF,0.341388135,2,highly_different_profile,monitoring_reporting_gap,Largest normalized profile difference is monitoring_reporting_gap.,unordered_geo_code_pairs,"Similarity means official-data profiles look alike under this method; it does not mean the places share the same vulnerability, lived experience, or policy need."
PG,WS,0.0357934751,2,very_similar_profile,data_visibility,Largest normalized profile difference is data_visibility.,unordered_geo_code_pairs,"Similarity means official-data profiles look alike under this method; it does not mean the places share the same vulnerability, lived experience, or policy need."
PN,PW,0.4069104788,2,highly_different_profile,missing_data,Largest normalized profile difference is missing_data.,unordered_geo_code_pairs,"Similarity means official-data profiles look alike under this method; it does not mean the places share the same vulnerability, lived experience, or policy need."
PN,SB,0.4240703563,2,highly_different_profile,missing_data,Largest normalized profile difference is missing_data.,unordered_geo_code_pairs,"Similarity means official-data profiles look alike under this method; it does not mean the places share the same vulnerability, lived experience, or policy need."
PN,TK,0.252439805,2,different_profile,rank_fragility,Largest normalized profile difference is rank_fragility.,unordered_geo_code_pairs,"Similarity means official-data profiles look alike under this method; it does not mean the places share the same vulnerability, lived experience, or policy need."
PN,TO,0.4203195548,2,highly_different_profile,missing_data,Largest normalized profile difference is missing_data.,unordered_geo_code_pairs,"Similarity means official-data profiles look alike under this method; it does not mean the places share the same vulnerability, lived experience, or policy need."
PN,TV,0.407762357,2,highly_different_profile,missing_data,Largest normalized profile difference is missing_data.,unordered_geo_code_pairs,"Similarity means official-data profiles look alike under this method; it does not mean the places share the same vulnerability, lived experience, or policy need."
PN,VU,0.4159837902,2,highly_different_profile,missing_data,Largest normalized profile difference is missing_data.,unordered_geo_code_pairs,"Similarity means official-data profiles look alike under this method; it does not mean the places share the same vulnerability, lived experience, or policy need."
PN,WF,0.0774182271,2,similar_profile,missing_data,Largest normalized profile difference is missing_data.,unordered_geo_code_pairs,"Similarity means official-data profiles look alike under this method; it does not mean the places share the same vulnerability, lived experience, or policy need."
PN,WS,0.4162487693,2,highly_different_profile,missing_data,Largest normalized profile difference is missing_data.,unordered_geo_code_pairs,"Similarity means official-data profiles look alike under this method; it does not mean the places share the same vulnerability, lived experience, or policy need."
PW,SB,0.0069079583,2,very_similar_profile,rank_fragility,Largest normalized profile difference is rank_fragility.,unordered_geo_code_pairs,"Similarity means official-data profiles look alike under this method; it does not mean the places share the same vulnerability, lived experience, or policy need."
PW,TK,0.1557639465,2,different_profile,missing_data,Largest normalized profile difference is missing_data.,unordered_geo_code_pairs,"Similarity means official-data profiles look alike under this method; it does not mean the places share the same vulnerability, lived experience, or policy need."
PW,TO,0.0035108535,2,very_similar_profile,capacity,Largest normalized profile difference is capacity.,unordered_geo_code_pairs,"Similarity means official-data profiles look alike under this method; it does not mean the places share the same vulnerability, lived experience, or policy need."
PW,TV,0.001592758,2,very_similar_profile,data_visibility,Largest normalized profile difference is data_visibility.,unordered_geo_code_pairs,"Similarity means official-data profiles look alike under this method; it does not mean the places share the same vulnerability, lived experience, or policy need."
PW,VU,0.0044377921,2,very_similar_profile,capacity,Largest normalized profile difference is capacity.,unordered_geo_code_pairs,"Similarity means official-data profiles look alike under this method; it does not mean the places share the same vulnerability, lived experience, or policy need."
PW,WF,0.3223606172,2,highly_different_profile,monitoring_reporting_gap,Largest normalized profile difference is monitoring_reporting_gap.,unordered_geo_code_pairs,"Similarity means official-data profiles look alike under this method; it does not mean the places share the same vulnerability, lived experience, or policy need."
PW,WS,0.0208038988,2,very_similar_profile,rank_fragility,Largest normalized profile difference is rank_fragility.,unordered_geo_code_pairs,"Similarity means official-data profiles look alike under this method; it does not mean the places share the same vulnerability, lived experience, or policy need."
SB,TK,0.1505761726,2,different_profile,missing_data,Largest normalized profile difference is missing_data.,unordered_geo_code_pairs,"Similarity means official-data profiles look alike under this method; it does not mean the places share the same vulnerability, lived experience, or policy need."
SB,TO,0.0064119123,2,very_similar_profile,rank_fragility,Largest normalized profile difference is rank_fragility.,unordered_geo_code_pairs,"Similarity means official-data profiles look alike under this method; it does not mean the places share the same vulnerability, lived experience, or policy need."
SB,TV,0.0120381704,2,very_similar_profile,data_visibility,Largest normalized profile difference is data_visibility.,unordered_geo_code_pairs,"Similarity means official-data profiles look alike under this method; it does not mean the places share the same vulnerability, lived experience, or policy need."
SB,VU,0.0105192434,2,very_similar_profile,rank_fragility,Largest normalized profile difference is rank_fragility.,unordered_geo_code_pairs,"Similarity means official-data profiles look alike under this method; it does not mean the places share the same vulnerability, lived experience, or policy need."
SB,WF,0.3218261972,2,highly_different_profile,monitoring_reporting_gap,Largest normalized profile difference is monitoring_reporting_gap.,unordered_geo_code_pairs,"Similarity means official-data profiles look alike under this method; it does not mean the places share the same vulnerability, lived experience, or policy need."
SB,WS,0.0428456774,2,very_similar_profile,rank_fragility,Largest normalized profile difference is rank_fragility.,unordered_geo_code_pairs,"Similarity means official-data profiles look alike under this method; it does not mean the places share the same vulnerability, lived experience, or policy need."
TK,TO,0.1653741732,2,different_profile,missing_data,Largest normalized profile difference is missing_data.,unordered_geo_code_pairs,"Similarity means official-data profiles look alike under this method; it does not mean the places share the same vulnerability, lived experience, or policy need."
TK,TV,0.1477090698,2,similar_profile,missing_data,Largest normalized profile difference is missing_data.,unordered_geo_code_pairs,"Similarity means official-data profiles look alike under this method; it does not mean the places share the same vulnerability, lived experience, or policy need."
TK,VU,0.1784904522,2,different_profile,capacity,Largest normalized profile difference is capacity.,unordered_geo_code_pairs,"Similarity means official-data profiles look alike under this method; it does not mean the places share the same vulnerability, lived experience, or policy need."
TK,WF,0.1861182083,2,different_profile,monitoring_reporting_gap,Largest normalized profile difference is monitoring_reporting_gap.,unordered_geo_code_pairs,"Similarity means official-data profiles look alike under this method; it does not mean the places share the same vulnerability, lived experience, or policy need."
TK,WS,0.210362754,2,different_profile,rank_fragility,Largest normalized profile difference is rank_fragility.,unordered_geo_code_pairs,"Similarity means official-data profiles look alike under this method; it does not mean the places share the same vulnerability, lived experience, or policy need."
TO,TV,0.0063647955,2,very_similar_profile,capacity,Largest normalized profile difference is capacity.,unordered_geo_code_pairs,"Similarity means official-data profiles look alike under this method; it does not mean the places share the same vulnerability, lived experience, or policy need."
TO,VU,0.0010016761,2,very_similar_profile,rank_fragility,Largest normalized profile difference is rank_fragility.,unordered_geo_code_pairs,"Similarity means official-data profiles look alike under this method; it does not mean the places share the same vulnerability, lived experience, or policy need."
TO,WF,0.338276399,2,highly_different_profile,monitoring_reporting_gap,Largest normalized profile difference is monitoring_reporting_gap.,unordered_geo_code_pairs,"Similarity means official-data profiles look alike under this method; it does not mean the places share the same vulnerability, lived experience, or policy need."
TO,WS,0.0172296938,2,very_similar_profile,rank_fragility,Largest normalized profile difference is rank_fragility.,unordered_geo_code_pairs,"Similarity means official-data profiles look alike under this method; it does not mean the places share the same vulnerability, lived experience, or policy need."
TV,VU,0.008093299,2,very_similar_profile,capacity,Largest normalized profile difference is capacity.,unordered_geo_code_pairs,"Similarity means official-data profiles look alike under this method; it does not mean the places share the same vulnerability, lived experience, or policy need."
TV,WF,0.3186306889,2,highly_different_profile,monitoring_reporting_gap,Largest normalized profile difference is monitoring_reporting_gap.,unordered_geo_code_pairs,"Similarity means official-data profiles look alike under this method; it does not mean the places share the same vulnerability, lived experience, or policy need."
TV,WS,0.0197923435,2,very_similar_profile,rank_fragility,Largest normalized profile difference is rank_fragility.,unordered_geo_code_pairs,"Similarity means official-data profiles look alike under this method; it does not mean the places share the same vulnerability, lived experience, or policy need."
VU,WF,0.3461346577,2,highly_different_profile,monitoring_reporting_gap,Largest normalized profile difference is monitoring_reporting_gap.,unordered_geo_code_pairs,"Similarity means official-data profiles look alike under this method; it does not mean the places share the same vulnerability, lived experience, or policy need."
VU,WS,0.0121598754,2,very_similar_profile,data_visibility,Largest normalized profile difference is data_visibility.,unordered_geo_code_pairs,"Similarity means official-data profiles look alike under this method; it does not mean the places share the same vulnerability, lived experience, or policy need."
WF,WS,0.3758691484,2,highly_different_profile,monitoring_reporting_gap,Largest normalized profile difference is monitoring_reporting_gap.,unordered_geo_code_pairs,"Similarity means official-data profiles look alike under this method; it does not mean the places share the same vulnerability, lived experience, or policy need."
